query_id,query,expected_finding,scope,rank,chunk_id,text,finding,score,distance,provider,source_ids,source_titles,source_urls,licences
cardio_01,enlarged heart on chest x ray,Cardiomegaly,in_scope,1,cardiomegaly_001,"The finding matters because an enlarged cardiac silhouette can be a clue that the heart is under strain or not pumping normally. Heart failure can cause symptoms such as tiredness, shortness of breath, and fluid buildup in the body, although the exact cause cannot be decided from a chest X-ray alone. On a chest X-ray, cardiomegaly is usually considered when the cardiac silhouette is larger than expected compared with the chest. A common measurement is the cardiothoracic ratio on a PA chest radiograph; a ratio above about 50 percent can suggest enlargement.",Cardiomegaly,0.7499260902404785,0.2500739097595215,local,"['cardiomegaly_nhlbi', 'cardiomegaly_wikipedia']","['Heart Failure - What Is Heart Failure?', 'Cardiomegaly']","['https://www.nhlbi.nih.gov/health/heart-failure', 'https://en.wikipedia.org/wiki/Cardiomegaly']","['Public-Domain', 'CC-BY-SA-4.0']"
cardio_01,enlarged heart on chest x ray,Cardiomegaly,in_scope,2,cardiomegaly_000,"Cardiomegaly means the heart appears enlarged. It is not a single disease by itself; it is a finding that can happen when the heart has changed because of another condition. Common associated problems can include high blood pressure, heart valve disease, coronary artery disease, cardiomyopathy, or heart failure. The finding matters because an enlarged cardiac silhouette can be a clue that the heart is under strain or not pumping normally.",Cardiomegaly,0.6220501065254211,0.37794989347457886,local,"['cardiomegaly_nhlbi', 'cardiomegaly_wikipedia']","['Heart Failure - What Is Heart Failure?', 'Cardiomegaly']","['https://www.nhlbi.nih.gov/health/heart-failure', 'https://en.wikipedia.org/wiki/Cardiomegaly']","['Public-Domain', 'CC-BY-SA-4.0']"
cardio_01,enlarged heart on chest x ray,Cardiomegaly,in_scope,3,pleural_effusion_003,"Pleural effusion matters because it can reduce lung expansion and may be associated with shortness of breath, chest pain, or cough. The report should describe the imaging finding carefully without pretending to know the exact cause from the X-ray alone.",Pleural Effusion,0.5621813535690308,0.43781864643096924,local,"['pleural_effusion_nhlbi', 'pleural_effusion_wikipedia']","['Pleural Disorders - Pleurisy, Pleural Effusion, and Pneumothorax', 'Pleural effusion']","['https://www.nhlbi.nih.gov/health/pleural-disorders/types', 'https://en.wikipedia.org/wiki/Pleural_effusion']","['Public-Domain', 'CC-BY-SA-4.0']"
cardio_01,enlarged heart on chest x ray,Cardiomegaly,in_scope,4,cardiomegaly_002,"A common measurement is the cardiothoracic ratio on a PA chest radiograph; a ratio above about 50 percent can suggest enlargement. Portable AP views can exaggerate heart size, so the report should describe the finding carefully and consider image technique. Cardiomegaly should be reported as an imaging observation, not as a full diagnosis. Follow-up with clinical history, prior imaging, echocardiography, or other tests may be needed to understand the cause.",Cardiomegaly,0.5542470216751099,0.44575297832489014,local,"['cardiomegaly_nhlbi', 'cardiomegaly_wikipedia']","['Heart Failure - What Is Heart Failure?', 'Cardiomegaly']","['https://www.nhlbi.nih.gov/health/heart-failure', 'https://en.wikipedia.org/wiki/Cardiomegaly']","['Public-Domain', 'CC-BY-SA-4.0']"
cardio_01,enlarged heart on chest x ray,Cardiomegaly,in_scope,5,pleural_effusion_002,"On chest X-ray, pleural effusion is usually considered when there is abnormal fluid at the lung base or in the pleural space. It may appear with blunting of the costophrenic angle, dependent layering fluid, or a horizontal air-fluid level if both air and fluid are present. Lateral decubitus views can show smaller amounts of fluid than an upright chest X-ray. Pleural effusion matters because it can reduce lung expansion and may be associated with shortness of breath, chest pain, or cough.",Pleural Effusion,0.5379673838615417,0.46203261613845825,local,"['pleural_effusion_nhlbi', 'pleural_effusion_wikipedia']","['Pleural Disorders - Pleurisy, Pleural Effusion, and Pneumothorax', 'Pleural effusion']","['https://www.nhlbi.nih.gov/health/pleural-disorders/types', 'https://en.wikipedia.org/wiki/Pleural_effusion']","['Public-Domain', 'CC-BY-SA-4.0']"
cardio_02,heart shadow is too large,Cardiomegaly,in_scope,1,cardiomegaly_001,"The finding matters because an enlarged cardiac silhouette can be a clue that the heart is under strain or not pumping normally. Heart failure can cause symptoms such as tiredness, shortness of breath, and fluid buildup in the body, although the exact cause cannot be decided from a chest X-ray alone. On a chest X-ray, cardiomegaly is usually considered when the cardiac silhouette is larger than expected compared with the chest. A common measurement is the cardiothoracic ratio on a PA chest radiograph; a ratio above about 50 percent can suggest enlargement.",Cardiomegaly,0.4892681837081909,0.5107318162918091,local,"['cardiomegaly_nhlbi', 'cardiomegaly_wikipedia']","['Heart Failure - What Is Heart Failure?', 'Cardiomegaly']","['https://www.nhlbi.nih.gov/health/heart-failure', 'https://en.wikipedia.org/wiki/Cardiomegaly']","['Public-Domain', 'CC-BY-SA-4.0']"
cardio_02,heart shadow is too large,Cardiomegaly,in_scope,2,cardiomegaly_000,"Cardiomegaly means the heart appears enlarged. It is not a single disease by itself; it is a finding that can happen when the heart has changed because of another condition. Common associated problems can include high blood pressure, heart valve disease, coronary artery disease, cardiomyopathy, or heart failure. The finding matters because an enlarged cardiac silhouette can be a clue that the heart is under strain or not pumping normally.",Cardiomegaly,0.4467114210128784,0.5532885789871216,local,"['cardiomegaly_nhlbi', 'cardiomegaly_wikipedia']","['Heart Failure - What Is Heart Failure?', 'Cardiomegaly']","['https://www.nhlbi.nih.gov/health/heart-failure', 'https://en.wikipedia.org/wiki/Cardiomegaly']","['Public-Domain', 'CC-BY-SA-4.0']"
cardio_02,heart shadow is too large,Cardiomegaly,in_scope,3,cardiomegaly_002,"A common measurement is the cardiothoracic ratio on a PA chest radiograph; a ratio above about 50 percent can suggest enlargement. Portable AP views can exaggerate heart size, so the report should describe the finding carefully and consider image technique. Cardiomegaly should be reported as an imaging observation, not as a full diagnosis. Follow-up with clinical history, prior imaging, echocardiography, or other tests may be needed to understand the cause.",Cardiomegaly,0.3902691602706909,0.6097308397293091,local,"['cardiomegaly_nhlbi', 'cardiomegaly_wikipedia']","['Heart Failure - What Is Heart Failure?', 'Cardiomegaly']","['https://www.nhlbi.nih.gov/health/heart-failure', 'https://en.wikipedia.org/wiki/Cardiomegaly']","['Public-Domain', 'CC-BY-SA-4.0']"
cardio_02,heart shadow is too large,Cardiomegaly,in_scope,4,cardiomegaly_003,"Follow-up with clinical history, prior imaging, echocardiography, or other tests may be needed to understand the cause.",Cardiomegaly,0.2669498920440674,0.7330501079559326,local,"['cardiomegaly_nhlbi', 'cardiomegaly_wikipedia']","['Heart Failure - What Is Heart Failure?', 'Cardiomegaly']","['https://www.nhlbi.nih.gov/health/heart-failure', 'https://en.wikipedia.org/wiki/Cardiomegaly']","['Public-Domain', 'CC-BY-SA-4.0']"
cardio_02,heart shadow is too large,Cardiomegaly,in_scope,5,edema_001,"Pulmonary edema can cause shortness of breath, cough, low oxygen, and respiratory distress. The cause cannot be decided from the chest X-ray alone, but the imaging pattern can help suggest whether edema is present and whether the distribution looks more typical of cardiogenic or noncardiogenic edema. On chest X-ray, pulmonary edema may show increased vascular markings, Kerley B lines, perihilar or batwing air-space opacity, upper-lobe vascular redistribution, and sometimes pleural effusions. Patchier alveolar opacities may be seen in noncardiogenic edema or other lung injury patterns.",Edema,0.24289357662200928,0.7571064233779907,local,['edema_wikipedia'],['Pulmonary edema'],['https://en.wikipedia.org/wiki/Pulmonary_edema'],['CC-BY-SA-4.0']
cardio_03,cardiothoracic ratio greater than fifty percent,Cardiomegaly,in_scope,1,cardiomegaly_002,"A common measurement is the cardiothoracic ratio on a PA chest radiograph; a ratio above about 50 percent can suggest enlargement. Portable AP views can exaggerate heart size, so the report should describe the finding carefully and consider image technique. Cardiomegaly should be reported as an imaging observation, not as a full diagnosis. Follow-up with clinical history, prior imaging, echocardiography, or other tests may be needed to understand the cause.",Cardiomegaly,0.5254956483840942,0.47450435161590576,local,"['cardiomegaly_nhlbi', 'cardiomegaly_wikipedia']","['Heart Failure - What Is Heart Failure?', 'Cardiomegaly']","['https://www.nhlbi.nih.gov/health/heart-failure', 'https://en.wikipedia.org/wiki/Cardiomegaly']","['Public-Domain', 'CC-BY-SA-4.0']"
cardio_03,cardiothoracic ratio greater than fifty percent,Cardiomegaly,in_scope,2,cardiomegaly_001,"The finding matters because an enlarged cardiac silhouette can be a clue that the heart is under strain or not pumping normally. Heart failure can cause symptoms such as tiredness, shortness of breath, and fluid buildup in the body, although the exact cause cannot be decided from a chest X-ray alone. On a chest X-ray, cardiomegaly is usually considered when the cardiac silhouette is larger than expected compared with the chest. A common measurement is the cardiothoracic ratio on a PA chest radiograph; a ratio above about 50 percent can suggest enlargement.",Cardiomegaly,0.4869126081466675,0.5130873918533325,local,"['cardiomegaly_nhlbi', 'cardiomegaly_wikipedia']","['Heart Failure - What Is Heart Failure?', 'Cardiomegaly']","['https://www.nhlbi.nih.gov/health/heart-failure', 'https://en.wikipedia.org/wiki/Cardiomegaly']","['Public-Domain', 'CC-BY-SA-4.0']"
cardio_03,cardiothoracic ratio greater than fifty percent,Cardiomegaly,in_scope,3,cardiomegaly_000,"Cardiomegaly means the heart appears enlarged. It is not a single disease by itself; it is a finding that can happen when the heart has changed because of another condition. Common associated problems can include high blood pressure, heart valve disease, coronary artery disease, cardiomyopathy, or heart failure. The finding matters because an enlarged cardiac silhouette can be a clue that the heart is under strain or not pumping normally.",Cardiomegaly,0.3609797954559326,0.6390202045440674,local,"['cardiomegaly_nhlbi', 'cardiomegaly_wikipedia']","['Heart Failure - What Is Heart Failure?', 'Cardiomegaly']","['https://www.nhlbi.nih.gov/health/heart-failure', 'https://en.wikipedia.org/wiki/Cardiomegaly']","['Public-Domain', 'CC-BY-SA-4.0']"
cardio_03,cardiothoracic ratio greater than fifty percent,Cardiomegaly,in_scope,4,cardiomegaly_003,"Follow-up with clinical history, prior imaging, echocardiography, or other tests may be needed to understand the cause.",Cardiomegaly,0.3062322735786438,0.6937677264213562,local,"['cardiomegaly_nhlbi', 'cardiomegaly_wikipedia']","['Heart Failure - What Is Heart Failure?', 'Cardiomegaly']","['https://www.nhlbi.nih.gov/health/heart-failure', 'https://en.wikipedia.org/wiki/Cardiomegaly']","['Public-Domain', 'CC-BY-SA-4.0']"
cardio_03,cardiothoracic ratio greater than fifty percent,Cardiomegaly,in_scope,5,pneumothorax_002,"Tension physiology may be suggested by mediastinal shift or other signs of pressure effect, but clinical urgency should not wait for perfect imaging wording. Pneumothorax is an important finding because it can explain sudden chest pain or shortness of breath and may require urgent action. A report should clearly describe the side and approximate size when visible.",Pneumothorax,0.2441718578338623,0.7558281421661377,local,"['pneumothorax_nhlbi', 'pneumothorax_wikipedia']","['Pleural Disorders - Pleurisy, Pleural Effusion, and Pneumothorax', 'Pneumothorax']","['https://www.nhlbi.nih.gov/health/pleural-disorders/types', 'https://en.wikipedia.org/wiki/Pneumothorax']","['Public-Domain', 'CC-BY-SA-4.0']"
cardio_04,portable AP film makes the heart look enlarged,Cardiomegaly,in_scope,1,cardiomegaly_002,"A common measurement is the cardiothoracic ratio on a PA chest radiograph; a ratio above about 50 percent can suggest enlargement. Portable AP views can exaggerate heart size, so the report should describe the finding carefully and consider image technique. Cardiomegaly should be reported as an imaging observation, not as a full diagnosis. Follow-up with clinical history, prior imaging, echocardiography, or other tests may be needed to understand the cause.",Cardiomegaly,0.5354901552200317,0.46450984477996826,local,"['cardiomegaly_nhlbi', 'cardiomegaly_wikipedia']","['Heart Failure - What Is Heart Failure?', 'Cardiomegaly']","['https://www.nhlbi.nih.gov/health/heart-failure', 'https://en.wikipedia.org/wiki/Cardiomegaly']","['Public-Domain', 'CC-BY-SA-4.0']"
cardio_04,portable AP film makes the heart look enlarged,Cardiomegaly,in_scope,2,cardiomegaly_001,"The finding matters because an enlarged cardiac silhouette can be a clue that the heart is under strain or not pumping normally. Heart failure can cause symptoms such as tiredness, shortness of breath, and fluid buildup in the body, although the exact cause cannot be decided from a chest X-ray alone. On a chest X-ray, cardiomegaly is usually considered when the cardiac silhouette is larger than expected compared with the chest. A common measurement is the cardiothoracic ratio on a PA chest radiograph; a ratio above about 50 percent can suggest enlargement.",Cardiomegaly,0.4740647077560425,0.5259352922439575,local,"['cardiomegaly_nhlbi', 'cardiomegaly_wikipedia']","['Heart Failure - What Is Heart Failure?', 'Cardiomegaly']","['https://www.nhlbi.nih.gov/health/heart-failure', 'https://en.wikipedia.org/wiki/Cardiomegaly']","['Public-Domain', 'CC-BY-SA-4.0']"
cardio_04,portable AP film makes the heart look enlarged,Cardiomegaly,in_scope,3,cardiomegaly_000,"Cardiomegaly means the heart appears enlarged. It is not a single disease by itself; it is a finding that can happen when the heart has changed because of another condition. Common associated problems can include high blood pressure, heart valve disease, coronary artery disease, cardiomyopathy, or heart failure. The finding matters because an enlarged cardiac silhouette can be a clue that the heart is under strain or not pumping normally.",Cardiomegaly,0.46804189682006836,0.5319581031799316,local,"['cardiomegaly_nhlbi', 'cardiomegaly_wikipedia']","['Heart Failure - What Is Heart Failure?', 'Cardiomegaly']","['https://www.nhlbi.nih.gov/health/heart-failure', 'https://en.wikipedia.org/wiki/Cardiomegaly']","['Public-Domain', 'CC-BY-SA-4.0']"
cardio_04,portable AP film makes the heart look enlarged,Cardiomegaly,in_scope,4,cardiomegaly_003,"Follow-up with clinical history, prior imaging, echocardiography, or other tests may be needed to understand the cause.",Cardiomegaly,0.37557005882263184,0.6244299411773682,local,"['cardiomegaly_nhlbi', 'cardiomegaly_wikipedia']","['Heart Failure - What Is Heart Failure?', 'Cardiomegaly']","['https://www.nhlbi.nih.gov/health/heart-failure', 'https://en.wikipedia.org/wiki/Cardiomegaly']","['Public-Domain', 'CC-BY-SA-4.0']"
cardio_04,portable AP film makes the heart look enlarged,Cardiomegaly,in_scope,5,atelectasis_001,"Atelectasis can happen for several reasons, including airway blockage, compression from nearby fluid or air, shallow breathing, or postoperative changes. Small areas may cause few symptoms, while larger areas can be associated with shortness of breath, faster breathing, low oxygen, or reduced movement on the affected side. On chest X-ray, atelectasis is often considered when there is increased opacity together with signs of volume loss. Depending on the location, this may include crowding of nearby structures, elevation of the diaphragm, shift of fissures, or movement of the mediastinum toward the affected side.",Atelectasis,0.372064471244812,0.627935528755188,local,['atelectasis_wikipedia'],['Atelectasis'],['https://en.wikipedia.org/wiki/Atelectasis'],['CC-BY-SA-4.0']
atel_01,volume loss in part of the lung,Atelectasis,in_scope,1,atelectasis_001,"Atelectasis can happen for several reasons, including airway blockage, compression from nearby fluid or air, shallow breathing, or postoperative changes. Small areas may cause few symptoms, while larger areas can be associated with shortness of breath, faster breathing, low oxygen, or reduced movement on the affected side. On chest X-ray, atelectasis is often considered when there is increased opacity together with signs of volume loss. Depending on the location, this may include crowding of nearby structures, elevation of the diaphragm, shift of fissures, or movement of the mediastinum toward the affected side.",Atelectasis,0.566032350063324,0.433967649936676,local,['atelectasis_wikipedia'],['Atelectasis'],['https://en.wikipedia.org/wiki/Atelectasis'],['CC-BY-SA-4.0']
atel_01,volume loss in part of the lung,Atelectasis,in_scope,2,atelectasis_000,"Atelectasis means part or all of a lung is not fully expanded because the air spaces have collapsed or lost volume. It can involve a small region, a lobe, or a larger part of the lung. It is different from consolidation because atelectasis is mainly a loss of air and volume, while consolidation means air spaces are filled with material such as fluid or inflammatory exudate. Atelectasis can happen for several reasons, including airway blockage, compression from nearby fluid or air, shallow breathing, or postoperative changes.",Atelectasis,0.5262235403060913,0.4737764596939087,local,['atelectasis_wikipedia'],['Atelectasis'],['https://en.wikipedia.org/wiki/Atelectasis'],['CC-BY-SA-4.0']
atel_01,volume loss in part of the lung,Atelectasis,in_scope,3,edema_000,"Pulmonary edema means excess fluid in the lungs. It can be cardiogenic, often related to heart problems and increased pressure, or noncardiogenic, related to other lung or systemic injury. The important idea is that fluid interferes with normal air exchange. Pulmonary edema can cause shortness of breath, cough, low oxygen, and respiratory distress.",Edema,0.5251981019973755,0.4748018980026245,local,['edema_wikipedia'],['Pulmonary edema'],['https://en.wikipedia.org/wiki/Pulmonary_edema'],['CC-BY-SA-4.0']
atel_01,volume loss in part of the lung,Atelectasis,in_scope,4,pleural_effusion_000,"Pleural effusion means extra fluid has collected in the pleural space, which is the thin space between the lung surface and the inside of the chest wall. A small amount of fluid is normally present there, but too much fluid can make it harder for the lung to expand normally. The fluid buildup can happen for different reasons. Inflammatory causes, infection, tumors, or lung injury can lead to an exudative effusion.",Pleural Effusion,0.486075758934021,0.513924241065979,local,"['pleural_effusion_nhlbi', 'pleural_effusion_wikipedia']","['Pleural Disorders - Pleurisy, Pleural Effusion, and Pneumothorax', 'Pleural effusion']","['https://www.nhlbi.nih.gov/health/pleural-disorders/types', 'https://en.wikipedia.org/wiki/Pleural_effusion']","['Public-Domain', 'CC-BY-SA-4.0']"
atel_01,volume loss in part of the lung,Atelectasis,in_scope,5,edema_001,"Pulmonary edema can cause shortness of breath, cough, low oxygen, and respiratory distress. The cause cannot be decided from the chest X-ray alone, but the imaging pattern can help suggest whether edema is present and whether the distribution looks more typical of cardiogenic or noncardiogenic edema. On chest X-ray, pulmonary edema may show increased vascular markings, Kerley B lines, perihilar or batwing air-space opacity, upper-lobe vascular redistribution, and sometimes pleural effusions. Patchier alveolar opacities may be seen in noncardiogenic edema or other lung injury patterns.",Edema,0.4652745723724365,0.5347254276275635,local,['edema_wikipedia'],['Pulmonary edema'],['https://en.wikipedia.org/wiki/Pulmonary_edema'],['CC-BY-SA-4.0']
atel_02,collapsed air spaces with elevated diaphragm,Atelectasis,in_scope,1,atelectasis_000,"Atelectasis means part or all of a lung is not fully expanded because the air spaces have collapsed or lost volume. It can involve a small region, a lobe, or a larger part of the lung. It is different from consolidation because atelectasis is mainly a loss of air and volume, while consolidation means air spaces are filled with material such as fluid or inflammatory exudate. Atelectasis can happen for several reasons, including airway blockage, compression from nearby fluid or air, shallow breathing, or postoperative changes.",Atelectasis,0.43613195419311523,0.5638680458068848,local,['atelectasis_wikipedia'],['Atelectasis'],['https://en.wikipedia.org/wiki/Atelectasis'],['CC-BY-SA-4.0']
atel_02,collapsed air spaces with elevated diaphragm,Atelectasis,in_scope,2,pneumothorax_000,"Pneumothorax means air or gas has collected in the pleural space, the space between the lung and chest wall. This air can put pressure on the lung and may cause part or all of it to collapse. Pneumothorax can happen spontaneously, after trauma, or in people with underlying lung disease. A tension pneumothorax is especially important because pressure can build up enough to affect the heart, lungs, blood flow, and blood pressure.",Pneumothorax,0.43442851305007935,0.5655714869499207,local,"['pneumothorax_nhlbi', 'pneumothorax_wikipedia']","['Pleural Disorders - Pleurisy, Pleural Effusion, and Pneumothorax', 'Pneumothorax']","['https://www.nhlbi.nih.gov/health/pleural-disorders/types', 'https://en.wikipedia.org/wiki/Pneumothorax']","['Public-Domain', 'CC-BY-SA-4.0']"
atel_02,collapsed air spaces with elevated diaphragm,Atelectasis,in_scope,3,atelectasis_001,"Atelectasis can happen for several reasons, including airway blockage, compression from nearby fluid or air, shallow breathing, or postoperative changes. Small areas may cause few symptoms, while larger areas can be associated with shortness of breath, faster breathing, low oxygen, or reduced movement on the affected side. On chest X-ray, atelectasis is often considered when there is increased opacity together with signs of volume loss. Depending on the location, this may include crowding of nearby structures, elevation of the diaphragm, shift of fissures, or movement of the mediastinum toward the affected side.",Atelectasis,0.3863558769226074,0.6136441230773926,local,['atelectasis_wikipedia'],['Atelectasis'],['https://en.wikipedia.org/wiki/Atelectasis'],['CC-BY-SA-4.0']
atel_02,collapsed air spaces with elevated diaphragm,Atelectasis,in_scope,4,consolidation_pneumonia_001,"Consolidation is a radiographic pattern where normally air-filled lung tissue becomes filled with material such as inflammatory fluid, pus, blood, edema, or other liquid. Pneumonia is one common cause of consolidation, but consolidation itself is an imaging sign and does not prove one exact cause by itself. On chest X-ray, consolidation can appear as a focal or lobar air-space opacity. It may look denser or whiter than normal aerated lung.",Consolidation / Pneumonia,0.3774460554122925,0.6225539445877075,local,"['consolidation_pneumonia_cdc', 'consolidation_pneumonia_wikipedia']","['About Pneumonia', 'Pulmonary consolidation']","['https://www.cdc.gov/pneumonia/about/index.html', 'https://en.wikipedia.org/wiki/Pulmonary_consolidation']","['Public-Domain', 'CC-BY-SA-4.0']"
atel_02,collapsed air spaces with elevated diaphragm,Atelectasis,in_scope,5,atelectasis_002,"Depending on the location, this may include crowding of nearby structures, elevation of the diaphragm, shift of fissures, or movement of the mediastinum toward the affected side. Atelectasis should be described as an imaging finding and interpreted with the clinical situation. A report should avoid assuming the exact cause unless the image or history clearly supports it.",Atelectasis,0.3266756534576416,0.6733243465423584,local,['atelectasis_wikipedia'],['Atelectasis'],['https://en.wikipedia.org/wiki/Atelectasis'],['CC-BY-SA-4.0']
atel_03,linear opacity from subsegmental collapse,Atelectasis,in_scope,1,consolidation_pneumonia_002,"It may look denser or whiter than normal aerated lung. In pneumonia, the opacity may match the infected region, and air bronchograms can sometimes be seen when air-filled bronchi remain visible within surrounding opacified lung. Consolidation should be described as an imaging pattern and interpreted with symptoms, history, and other clinical information. The report should describe the opacity pattern and avoid claiming the organism or exact diagnosis from the X-ray alone.",Consolidation / Pneumonia,0.3660234808921814,0.6339765191078186,local,"['consolidation_pneumonia_cdc', 'consolidation_pneumonia_wikipedia']","['About Pneumonia', 'Pulmonary consolidation']","['https://www.cdc.gov/pneumonia/about/index.html', 'https://en.wikipedia.org/wiki/Pulmonary_consolidation']","['Public-Domain', 'CC-BY-SA-4.0']"
atel_03,linear opacity from subsegmental collapse,Atelectasis,in_scope,2,consolidation_pneumonia_003,The report should describe the opacity pattern and avoid claiming the organism or exact diagnosis from the X-ray alone.,Consolidation / Pneumonia,0.34434258937835693,0.6556574106216431,local,"['consolidation_pneumonia_cdc', 'consolidation_pneumonia_wikipedia']","['About Pneumonia', 'Pulmonary consolidation']","['https://www.cdc.gov/pneumonia/about/index.html', 'https://en.wikipedia.org/wiki/Pulmonary_consolidation']","['Public-Domain', 'CC-BY-SA-4.0']"
atel_03,linear opacity from subsegmental collapse,Atelectasis,in_scope,3,consolidation_pneumonia_001,"Consolidation is a radiographic pattern where normally air-filled lung tissue becomes filled with material such as inflammatory fluid, pus, blood, edema, or other liquid. Pneumonia is one common cause of consolidation, but consolidation itself is an imaging sign and does not prove one exact cause by itself. On chest X-ray, consolidation can appear as a focal or lobar air-space opacity. It may look denser or whiter than normal aerated lung.",Consolidation / Pneumonia,0.19702285528182983,0.8029771447181702,local,"['consolidation_pneumonia_cdc', 'consolidation_pneumonia_wikipedia']","['About Pneumonia', 'Pulmonary consolidation']","['https://www.cdc.gov/pneumonia/about/index.html', 'https://en.wikipedia.org/wiki/Pulmonary_consolidation']","['Public-Domain', 'CC-BY-SA-4.0']"
atel_03,linear opacity from subsegmental collapse,Atelectasis,in_scope,4,edema_002,"Patchier alveolar opacities may be seen in noncardiogenic edema or other lung injury patterns. A report should describe the imaging pattern carefully, such as vascular congestion or pulmonary edema pattern, and should not overstate the underlying cause without clinical support.",Edema,0.17193222045898438,0.8280677795410156,local,['edema_wikipedia'],['Pulmonary edema'],['https://en.wikipedia.org/wiki/Pulmonary_edema'],['CC-BY-SA-4.0']
atel_03,linear opacity from subsegmental collapse,Atelectasis,in_scope,5,atelectasis_001,"Atelectasis can happen for several reasons, including airway blockage, compression from nearby fluid or air, shallow breathing, or postoperative changes. Small areas may cause few symptoms, while larger areas can be associated with shortness of breath, faster breathing, low oxygen, or reduced movement on the affected side. On chest X-ray, atelectasis is often considered when there is increased opacity together with signs of volume loss. Depending on the location, this may include crowding of nearby structures, elevation of the diaphragm, shift of fissures, or movement of the mediastinum toward the affected side.",Atelectasis,0.16841816902160645,0.8315818309783936,local,['atelectasis_wikipedia'],['Atelectasis'],['https://en.wikipedia.org/wiki/Atelectasis'],['CC-BY-SA-4.0']
atel_04,loss of air and reduced lung volume,Atelectasis,in_scope,1,edema_000,"Pulmonary edema means excess fluid in the lungs. It can be cardiogenic, often related to heart problems and increased pressure, or noncardiogenic, related to other lung or systemic injury. The important idea is that fluid interferes with normal air exchange. Pulmonary edema can cause shortness of breath, cough, low oxygen, and respiratory distress.",Edema,0.5945804119110107,0.40541958808898926,local,['edema_wikipedia'],['Pulmonary edema'],['https://en.wikipedia.org/wiki/Pulmonary_edema'],['CC-BY-SA-4.0']
atel_04,loss of air and reduced lung volume,Atelectasis,in_scope,2,atelectasis_001,"Atelectasis can happen for several reasons, including airway blockage, compression from nearby fluid or air, shallow breathing, or postoperative changes. Small areas may cause few symptoms, while larger areas can be associated with shortness of breath, faster breathing, low oxygen, or reduced movement on the affected side. On chest X-ray, atelectasis is often considered when there is increased opacity together with signs of volume loss. Depending on the location, this may include crowding of nearby structures, elevation of the diaphragm, shift of fissures, or movement of the mediastinum toward the affected side.",Atelectasis,0.5624743700027466,0.4375256299972534,local,['atelectasis_wikipedia'],['Atelectasis'],['https://en.wikipedia.org/wiki/Atelectasis'],['CC-BY-SA-4.0']
atel_04,loss of air and reduced lung volume,Atelectasis,in_scope,3,atelectasis_000,"Atelectasis means part or all of a lung is not fully expanded because the air spaces have collapsed or lost volume. It can involve a small region, a lobe, or a larger part of the lung. It is different from consolidation because atelectasis is mainly a loss of air and volume, while consolidation means air spaces are filled with material such as fluid or inflammatory exudate. Atelectasis can happen for several reasons, including airway blockage, compression from nearby fluid or air, shallow breathing, or postoperative changes.",Atelectasis,0.5353327989578247,0.4646672010421753,local,['atelectasis_wikipedia'],['Atelectasis'],['https://en.wikipedia.org/wiki/Atelectasis'],['CC-BY-SA-4.0']
atel_04,loss of air and reduced lung volume,Atelectasis,in_scope,4,edema_001,"Pulmonary edema can cause shortness of breath, cough, low oxygen, and respiratory distress. The cause cannot be decided from the chest X-ray alone, but the imaging pattern can help suggest whether edema is present and whether the distribution looks more typical of cardiogenic or noncardiogenic edema. On chest X-ray, pulmonary edema may show increased vascular markings, Kerley B lines, perihilar or batwing air-space opacity, upper-lobe vascular redistribution, and sometimes pleural effusions. Patchier alveolar opacities may be seen in noncardiogenic edema or other lung injury patterns.",Edema,0.5128465890884399,0.48715341091156006,local,['edema_wikipedia'],['Pulmonary edema'],['https://en.wikipedia.org/wiki/Pulmonary_edema'],['CC-BY-SA-4.0']
atel_04,loss of air and reduced lung volume,Atelectasis,in_scope,5,pneumothorax_000,"Pneumothorax means air or gas has collected in the pleural space, the space between the lung and chest wall. This air can put pressure on the lung and may cause part or all of it to collapse. Pneumothorax can happen spontaneously, after trauma, or in people with underlying lung disease. A tension pneumothorax is especially important because pressure can build up enough to affect the heart, lungs, blood flow, and blood pressure.",Pneumothorax,0.4853789210319519,0.5146210789680481,local,"['pneumothorax_nhlbi', 'pneumothorax_wikipedia']","['Pleural Disorders - Pleurisy, Pleural Effusion, and Pneumothorax', 'Pneumothorax']","['https://www.nhlbi.nih.gov/health/pleural-disorders/types', 'https://en.wikipedia.org/wiki/Pneumothorax']","['Public-Domain', 'CC-BY-SA-4.0']"
cons_01,air spaces filled with inflammatory material,Consolidation / Pneumonia,in_scope,1,consolidation_pneumonia_001,"Consolidation is a radiographic pattern where normally air-filled lung tissue becomes filled with material such as inflammatory fluid, pus, blood, edema, or other liquid. Pneumonia is one common cause of consolidation, but consolidation itself is an imaging sign and does not prove one exact cause by itself. On chest X-ray, consolidation can appear as a focal or lobar air-space opacity. It may look denser or whiter than normal aerated lung.",Consolidation / Pneumonia,0.41909360885620117,0.5809063911437988,local,"['consolidation_pneumonia_cdc', 'consolidation_pneumonia_wikipedia']","['About Pneumonia', 'Pulmonary consolidation']","['https://www.cdc.gov/pneumonia/about/index.html', 'https://en.wikipedia.org/wiki/Pulmonary_consolidation']","['Public-Domain', 'CC-BY-SA-4.0']"
cons_01,air spaces filled with inflammatory material,Consolidation / Pneumonia,in_scope,2,consolidation_pneumonia_002,"It may look denser or whiter than normal aerated lung. In pneumonia, the opacity may match the infected region, and air bronchograms can sometimes be seen when air-filled bronchi remain visible within surrounding opacified lung. Consolidation should be described as an imaging pattern and interpreted with symptoms, history, and other clinical information. The report should describe the opacity pattern and avoid claiming the organism or exact diagnosis from the X-ray alone.",Consolidation / Pneumonia,0.4155724048614502,0.5844275951385498,local,"['consolidation_pneumonia_cdc', 'consolidation_pneumonia_wikipedia']","['About Pneumonia', 'Pulmonary consolidation']","['https://www.cdc.gov/pneumonia/about/index.html', 'https://en.wikipedia.org/wiki/Pulmonary_consolidation']","['Public-Domain', 'CC-BY-SA-4.0']"
cons_01,air spaces filled with inflammatory material,Consolidation / Pneumonia,in_scope,3,atelectasis_000,"Atelectasis means part or all of a lung is not fully expanded because the air spaces have collapsed or lost volume. It can involve a small region, a lobe, or a larger part of the lung. It is different from consolidation because atelectasis is mainly a loss of air and volume, while consolidation means air spaces are filled with material such as fluid or inflammatory exudate. Atelectasis can happen for several reasons, including airway blockage, compression from nearby fluid or air, shallow breathing, or postoperative changes.",Atelectasis,0.4000740051269531,0.5999259948730469,local,['atelectasis_wikipedia'],['Atelectasis'],['https://en.wikipedia.org/wiki/Atelectasis'],['CC-BY-SA-4.0']
cons_01,air spaces filled with inflammatory material,Consolidation / Pneumonia,in_scope,4,pneumothorax_000,"Pneumothorax means air or gas has collected in the pleural space, the space between the lung and chest wall. This air can put pressure on the lung and may cause part or all of it to collapse. Pneumothorax can happen spontaneously, after trauma, or in people with underlying lung disease. A tension pneumothorax is especially important because pressure can build up enough to affect the heart, lungs, blood flow, and blood pressure.",Pneumothorax,0.377641499042511,0.622358500957489,local,"['pneumothorax_nhlbi', 'pneumothorax_wikipedia']","['Pleural Disorders - Pleurisy, Pleural Effusion, and Pneumothorax', 'Pneumothorax']","['https://www.nhlbi.nih.gov/health/pleural-disorders/types', 'https://en.wikipedia.org/wiki/Pneumothorax']","['Public-Domain', 'CC-BY-SA-4.0']"
cons_01,air spaces filled with inflammatory material,Consolidation / Pneumonia,in_scope,5,edema_000,"Pulmonary edema means excess fluid in the lungs. It can be cardiogenic, often related to heart problems and increased pressure, or noncardiogenic, related to other lung or systemic injury. The important idea is that fluid interferes with normal air exchange. Pulmonary edema can cause shortness of breath, cough, low oxygen, and respiratory distress.",Edema,0.3610260486602783,0.6389739513397217,local,['edema_wikipedia'],['Pulmonary edema'],['https://en.wikipedia.org/wiki/Pulmonary_edema'],['CC-BY-SA-4.0']
cons_02,pneumonia causing dense white opacity,Consolidation / Pneumonia,in_scope,1,consolidation_pneumonia_002,"It may look denser or whiter than normal aerated lung. In pneumonia, the opacity may match the infected region, and air bronchograms can sometimes be seen when air-filled bronchi remain visible within surrounding opacified lung. Consolidation should be described as an imaging pattern and interpreted with symptoms, history, and other clinical information. The report should describe the opacity pattern and avoid claiming the organism or exact diagnosis from the X-ray alone.",Consolidation / Pneumonia,0.7217361927032471,0.27826380729675293,local,"['consolidation_pneumonia_cdc', 'consolidation_pneumonia_wikipedia']","['About Pneumonia', 'Pulmonary consolidation']","['https://www.cdc.gov/pneumonia/about/index.html', 'https://en.wikipedia.org/wiki/Pulmonary_consolidation']","['Public-Domain', 'CC-BY-SA-4.0']"
cons_02,pneumonia causing dense white opacity,Consolidation / Pneumonia,in_scope,2,consolidation_pneumonia_000,"Pneumonia is an infection of the lungs. It can be caused by bacteria, viruses, fungi, or less common organisms. Symptoms may include cough, fever or chills, chest pain with breathing or coughing, tiredness, and shortness of breath. Consolidation is a radiographic pattern where normally air-filled lung tissue becomes filled with material such as inflammatory fluid, pus, blood, edema, or other liquid.",Consolidation / Pneumonia,0.5617785453796387,0.43822145462036133,local,"['consolidation_pneumonia_cdc', 'consolidation_pneumonia_wikipedia']","['About Pneumonia', 'Pulmonary consolidation']","['https://www.cdc.gov/pneumonia/about/index.html', 'https://en.wikipedia.org/wiki/Pulmonary_consolidation']","['Public-Domain', 'CC-BY-SA-4.0']"
cons_02,pneumonia causing dense white opacity,Consolidation / Pneumonia,in_scope,3,consolidation_pneumonia_003,The report should describe the opacity pattern and avoid claiming the organism or exact diagnosis from the X-ray alone.,Consolidation / Pneumonia,0.5361849665641785,0.46381503343582153,local,"['consolidation_pneumonia_cdc', 'consolidation_pneumonia_wikipedia']","['About Pneumonia', 'Pulmonary consolidation']","['https://www.cdc.gov/pneumonia/about/index.html', 'https://en.wikipedia.org/wiki/Pulmonary_consolidation']","['Public-Domain', 'CC-BY-SA-4.0']"
cons_02,pneumonia causing dense white opacity,Consolidation / Pneumonia,in_scope,4,edema_002,"Patchier alveolar opacities may be seen in noncardiogenic edema or other lung injury patterns. A report should describe the imaging pattern carefully, such as vascular congestion or pulmonary edema pattern, and should not overstate the underlying cause without clinical support.",Edema,0.4672333002090454,0.5327666997909546,local,['edema_wikipedia'],['Pulmonary edema'],['https://en.wikipedia.org/wiki/Pulmonary_edema'],['CC-BY-SA-4.0']
cons_02,pneumonia causing dense white opacity,Consolidation / Pneumonia,in_scope,5,consolidation_pneumonia_001,"Consolidation is a radiographic pattern where normally air-filled lung tissue becomes filled with material such as inflammatory fluid, pus, blood, edema, or other liquid. Pneumonia is one common cause of consolidation, but consolidation itself is an imaging sign and does not prove one exact cause by itself. On chest X-ray, consolidation can appear as a focal or lobar air-space opacity. It may look denser or whiter than normal aerated lung.",Consolidation / Pneumonia,0.39685726165771484,0.6031427383422852,local,"['consolidation_pneumonia_cdc', 'consolidation_pneumonia_wikipedia']","['About Pneumonia', 'Pulmonary consolidation']","['https://www.cdc.gov/pneumonia/about/index.html', 'https://en.wikipedia.org/wiki/Pulmonary_consolidation']","['Public-Domain', 'CC-BY-SA-4.0']"
cons_03,air bronchograms inside an opacity,Consolidation / Pneumonia,in_scope,1,consolidation_pneumonia_002,"It may look denser or whiter than normal aerated lung. In pneumonia, the opacity may match the infected region, and air bronchograms can sometimes be seen when air-filled bronchi remain visible within surrounding opacified lung. Consolidation should be described as an imaging pattern and interpreted with symptoms, history, and other clinical information. The report should describe the opacity pattern and avoid claiming the organism or exact diagnosis from the X-ray alone.",Consolidation / Pneumonia,0.6324039697647095,0.3675960302352905,local,"['consolidation_pneumonia_cdc', 'consolidation_pneumonia_wikipedia']","['About Pneumonia', 'Pulmonary consolidation']","['https://www.cdc.gov/pneumonia/about/index.html', 'https://en.wikipedia.org/wiki/Pulmonary_consolidation']","['Public-Domain', 'CC-BY-SA-4.0']"
cons_03,air bronchograms inside an opacity,Consolidation / Pneumonia,in_scope,2,atelectasis_001,"Atelectasis can happen for several reasons, including airway blockage, compression from nearby fluid or air, shallow breathing, or postoperative changes. Small areas may cause few symptoms, while larger areas can be associated with shortness of breath, faster breathing, low oxygen, or reduced movement on the affected side. On chest X-ray, atelectasis is often considered when there is increased opacity together with signs of volume loss. Depending on the location, this may include crowding of nearby structures, elevation of the diaphragm, shift of fissures, or movement of the mediastinum toward the affected side.",Atelectasis,0.5039893388748169,0.4960106611251831,local,['atelectasis_wikipedia'],['Atelectasis'],['https://en.wikipedia.org/wiki/Atelectasis'],['CC-BY-SA-4.0']
cons_03,air bronchograms inside an opacity,Consolidation / Pneumonia,in_scope,3,consolidation_pneumonia_003,The report should describe the opacity pattern and avoid claiming the organism or exact diagnosis from the X-ray alone.,Consolidation / Pneumonia,0.4651479721069336,0.5348520278930664,local,"['consolidation_pneumonia_cdc', 'consolidation_pneumonia_wikipedia']","['About Pneumonia', 'Pulmonary consolidation']","['https://www.cdc.gov/pneumonia/about/index.html', 'https://en.wikipedia.org/wiki/Pulmonary_consolidation']","['Public-Domain', 'CC-BY-SA-4.0']"
cons_03,air bronchograms inside an opacity,Consolidation / Pneumonia,in_scope,4,edema_002,"Patchier alveolar opacities may be seen in noncardiogenic edema or other lung injury patterns. A report should describe the imaging pattern carefully, such as vascular congestion or pulmonary edema pattern, and should not overstate the underlying cause without clinical support.",Edema,0.4570382833480835,0.5429617166519165,local,['edema_wikipedia'],['Pulmonary edema'],['https://en.wikipedia.org/wiki/Pulmonary_edema'],['CC-BY-SA-4.0']
cons_03,air bronchograms inside an opacity,Consolidation / Pneumonia,in_scope,5,atelectasis_000,"Atelectasis means part or all of a lung is not fully expanded because the air spaces have collapsed or lost volume. It can involve a small region, a lobe, or a larger part of the lung. It is different from consolidation because atelectasis is mainly a loss of air and volume, while consolidation means air spaces are filled with material such as fluid or inflammatory exudate. Atelectasis can happen for several reasons, including airway blockage, compression from nearby fluid or air, shallow breathing, or postoperative changes.",Atelectasis,0.38640332221984863,0.6135966777801514,local,['atelectasis_wikipedia'],['Atelectasis'],['https://en.wikipedia.org/wiki/Atelectasis'],['CC-BY-SA-4.0']
cons_04,alveoli are filled instead of air filled,Consolidation / Pneumonia,in_scope,1,atelectasis_000,"Atelectasis means part or all of a lung is not fully expanded because the air spaces have collapsed or lost volume. It can involve a small region, a lobe, or a larger part of the lung. It is different from consolidation because atelectasis is mainly a loss of air and volume, while consolidation means air spaces are filled with material such as fluid or inflammatory exudate. Atelectasis can happen for several reasons, including airway blockage, compression from nearby fluid or air, shallow breathing, or postoperative changes.",Atelectasis,0.3946031928062439,0.6053968071937561,local,['atelectasis_wikipedia'],['Atelectasis'],['https://en.wikipedia.org/wiki/Atelectasis'],['CC-BY-SA-4.0']
cons_04,alveoli are filled instead of air filled,Consolidation / Pneumonia,in_scope,2,atelectasis_001,"Atelectasis can happen for several reasons, including airway blockage, compression from nearby fluid or air, shallow breathing, or postoperative changes. Small areas may cause few symptoms, while larger areas can be associated with shortness of breath, faster breathing, low oxygen, or reduced movement on the affected side. On chest X-ray, atelectasis is often considered when there is increased opacity together with signs of volume loss. Depending on the location, this may include crowding of nearby structures, elevation of the diaphragm, shift of fissures, or movement of the mediastinum toward the affected side.",Atelectasis,0.3696884512901306,0.6303115487098694,local,['atelectasis_wikipedia'],['Atelectasis'],['https://en.wikipedia.org/wiki/Atelectasis'],['CC-BY-SA-4.0']
cons_04,alveoli are filled instead of air filled,Consolidation / Pneumonia,in_scope,3,edema_002,"Patchier alveolar opacities may be seen in noncardiogenic edema or other lung injury patterns. A report should describe the imaging pattern carefully, such as vascular congestion or pulmonary edema pattern, and should not overstate the underlying cause without clinical support.",Edema,0.3623760938644409,0.6376239061355591,local,['edema_wikipedia'],['Pulmonary edema'],['https://en.wikipedia.org/wiki/Pulmonary_edema'],['CC-BY-SA-4.0']
cons_04,alveoli are filled instead of air filled,Consolidation / Pneumonia,in_scope,4,edema_000,"Pulmonary edema means excess fluid in the lungs. It can be cardiogenic, often related to heart problems and increased pressure, or noncardiogenic, related to other lung or systemic injury. The important idea is that fluid interferes with normal air exchange. Pulmonary edema can cause shortness of breath, cough, low oxygen, and respiratory distress.",Edema,0.3471360206604004,0.6528639793395996,local,['edema_wikipedia'],['Pulmonary edema'],['https://en.wikipedia.org/wiki/Pulmonary_edema'],['CC-BY-SA-4.0']
cons_04,alveoli are filled instead of air filled,Consolidation / Pneumonia,in_scope,5,pleural_effusion_000,"Pleural effusion means extra fluid has collected in the pleural space, which is the thin space between the lung surface and the inside of the chest wall. A small amount of fluid is normally present there, but too much fluid can make it harder for the lung to expand normally. The fluid buildup can happen for different reasons. Inflammatory causes, infection, tumors, or lung injury can lead to an exudative effusion.",Pleural Effusion,0.34310925006866455,0.6568907499313354,local,"['pleural_effusion_nhlbi', 'pleural_effusion_wikipedia']","['Pleural Disorders - Pleurisy, Pleural Effusion, and Pneumothorax', 'Pleural effusion']","['https://www.nhlbi.nih.gov/health/pleural-disorders/types', 'https://en.wikipedia.org/wiki/Pleural_effusion']","['Public-Domain', 'CC-BY-SA-4.0']"
eff_01,fluid around the lung,Pleural Effusion,in_scope,1,pleural_effusion_000,"Pleural effusion means extra fluid has collected in the pleural space, which is the thin space between the lung surface and the inside of the chest wall. A small amount of fluid is normally present there, but too much fluid can make it harder for the lung to expand normally. The fluid buildup can happen for different reasons. Inflammatory causes, infection, tumors, or lung injury can lead to an exudative effusion.",Pleural Effusion,0.6515538692474365,0.3484461307525635,local,"['pleural_effusion_nhlbi', 'pleural_effusion_wikipedia']","['Pleural Disorders - Pleurisy, Pleural Effusion, and Pneumothorax', 'Pleural effusion']","['https://www.nhlbi.nih.gov/health/pleural-disorders/types', 'https://en.wikipedia.org/wiki/Pleural_effusion']","['Public-Domain', 'CC-BY-SA-4.0']"
eff_01,fluid around the lung,Pleural Effusion,in_scope,2,edema_000,"Pulmonary edema means excess fluid in the lungs. It can be cardiogenic, often related to heart problems and increased pressure, or noncardiogenic, related to other lung or systemic injury. The important idea is that fluid interferes with normal air exchange. Pulmonary edema can cause shortness of breath, cough, low oxygen, and respiratory distress.",Edema,0.6225090026855469,0.3774909973144531,local,['edema_wikipedia'],['Pulmonary edema'],['https://en.wikipedia.org/wiki/Pulmonary_edema'],['CC-BY-SA-4.0']
eff_01,fluid around the lung,Pleural Effusion,in_scope,3,pleural_effusion_002,"On chest X-ray, pleural effusion is usually considered when there is abnormal fluid at the lung base or in the pleural space. It may appear with blunting of the costophrenic angle, dependent layering fluid, or a horizontal air-fluid level if both air and fluid are present. Lateral decubitus views can show smaller amounts of fluid than an upright chest X-ray. Pleural effusion matters because it can reduce lung expansion and may be associated with shortness of breath, chest pain, or cough.",Pleural Effusion,0.5348217487335205,0.4651782512664795,local,"['pleural_effusion_nhlbi', 'pleural_effusion_wikipedia']","['Pleural Disorders - Pleurisy, Pleural Effusion, and Pneumothorax', 'Pleural effusion']","['https://www.nhlbi.nih.gov/health/pleural-disorders/types', 'https://en.wikipedia.org/wiki/Pleural_effusion']","['Public-Domain', 'CC-BY-SA-4.0']"
eff_01,fluid around the lung,Pleural Effusion,in_scope,4,consolidation_pneumonia_000,"Pneumonia is an infection of the lungs. It can be caused by bacteria, viruses, fungi, or less common organisms. Symptoms may include cough, fever or chills, chest pain with breathing or coughing, tiredness, and shortness of breath. Consolidation is a radiographic pattern where normally air-filled lung tissue becomes filled with material such as inflammatory fluid, pus, blood, edema, or other liquid.",Consolidation / Pneumonia,0.5151131749153137,0.4848868250846863,local,"['consolidation_pneumonia_cdc', 'consolidation_pneumonia_wikipedia']","['About Pneumonia', 'Pulmonary consolidation']","['https://www.cdc.gov/pneumonia/about/index.html', 'https://en.wikipedia.org/wiki/Pulmonary_consolidation']","['Public-Domain', 'CC-BY-SA-4.0']"
eff_01,fluid around the lung,Pleural Effusion,in_scope,5,consolidation_pneumonia_002,"It may look denser or whiter than normal aerated lung. In pneumonia, the opacity may match the infected region, and air bronchograms can sometimes be seen when air-filled bronchi remain visible within surrounding opacified lung. Consolidation should be described as an imaging pattern and interpreted with symptoms, history, and other clinical information. The report should describe the opacity pattern and avoid claiming the organism or exact diagnosis from the X-ray alone.",Consolidation / Pneumonia,0.5037754774093628,0.4962245225906372,local,"['consolidation_pneumonia_cdc', 'consolidation_pneumonia_wikipedia']","['About Pneumonia', 'Pulmonary consolidation']","['https://www.cdc.gov/pneumonia/about/index.html', 'https://en.wikipedia.org/wiki/Pulmonary_consolidation']","['Public-Domain', 'CC-BY-SA-4.0']"
eff_02,blunting of the costophrenic angle,Pleural Effusion,in_scope,1,pneumothorax_001,"A tension pneumothorax is especially important because pressure can build up enough to affect the heart, lungs, blood flow, and blood pressure. On chest X-ray, pneumothorax is usually considered when a visible pleural line separates the collapsed lung edge from the chest wall, with absent lung markings beyond that line. Larger cases may show a more obvious collapsed lung. Tension physiology may be suggested by mediastinal shift or other signs of pressure effect, but clinical urgency should not wait for perfect imaging wording.",Pneumothorax,0.23360061645507812,0.7663993835449219,local,"['pneumothorax_nhlbi', 'pneumothorax_wikipedia']","['Pleural Disorders - Pleurisy, Pleural Effusion, and Pneumothorax', 'Pneumothorax']","['https://www.nhlbi.nih.gov/health/pleural-disorders/types', 'https://en.wikipedia.org/wiki/Pneumothorax']","['Public-Domain', 'CC-BY-SA-4.0']"
eff_02,blunting of the costophrenic angle,Pleural Effusion,in_scope,2,pneumothorax_002,"Tension physiology may be suggested by mediastinal shift or other signs of pressure effect, but clinical urgency should not wait for perfect imaging wording. Pneumothorax is an important finding because it can explain sudden chest pain or shortness of breath and may require urgent action. A report should clearly describe the side and approximate size when visible.",Pneumothorax,0.21846497058868408,0.7815350294113159,local,"['pneumothorax_nhlbi', 'pneumothorax_wikipedia']","['Pleural Disorders - Pleurisy, Pleural Effusion, and Pneumothorax', 'Pneumothorax']","['https://www.nhlbi.nih.gov/health/pleural-disorders/types', 'https://en.wikipedia.org/wiki/Pneumothorax']","['Public-Domain', 'CC-BY-SA-4.0']"
eff_02,blunting of the costophrenic angle,Pleural Effusion,in_scope,3,pleural_effusion_002,"On chest X-ray, pleural effusion is usually considered when there is abnormal fluid at the lung base or in the pleural space. It may appear with blunting of the costophrenic angle, dependent layering fluid, or a horizontal air-fluid level if both air and fluid are present. Lateral decubitus views can show smaller amounts of fluid than an upright chest X-ray. Pleural effusion matters because it can reduce lung expansion and may be associated with shortness of breath, chest pain, or cough.",Pleural Effusion,0.16221410036087036,0.8377858996391296,local,"['pleural_effusion_nhlbi', 'pleural_effusion_wikipedia']","['Pleural Disorders - Pleurisy, Pleural Effusion, and Pneumothorax', 'Pleural effusion']","['https://www.nhlbi.nih.gov/health/pleural-disorders/types', 'https://en.wikipedia.org/wiki/Pleural_effusion']","['Public-Domain', 'CC-BY-SA-4.0']"
eff_02,blunting of the costophrenic angle,Pleural Effusion,in_scope,4,edema_001,"Pulmonary edema can cause shortness of breath, cough, low oxygen, and respiratory distress. The cause cannot be decided from the chest X-ray alone, but the imaging pattern can help suggest whether edema is present and whether the distribution looks more typical of cardiogenic or noncardiogenic edema. On chest X-ray, pulmonary edema may show increased vascular markings, Kerley B lines, perihilar or batwing air-space opacity, upper-lobe vascular redistribution, and sometimes pleural effusions. Patchier alveolar opacities may be seen in noncardiogenic edema or other lung injury patterns.",Edema,0.15521174669265747,0.8447882533073425,local,['edema_wikipedia'],['Pulmonary edema'],['https://en.wikipedia.org/wiki/Pulmonary_edema'],['CC-BY-SA-4.0']
eff_02,blunting of the costophrenic angle,Pleural Effusion,in_scope,5,consolidation_pneumonia_002,"It may look denser or whiter than normal aerated lung. In pneumonia, the opacity may match the infected region, and air bronchograms can sometimes be seen when air-filled bronchi remain visible within surrounding opacified lung. Consolidation should be described as an imaging pattern and interpreted with symptoms, history, and other clinical information. The report should describe the opacity pattern and avoid claiming the organism or exact diagnosis from the X-ray alone.",Consolidation / Pneumonia,0.15300273895263672,0.8469972610473633,local,"['consolidation_pneumonia_cdc', 'consolidation_pneumonia_wikipedia']","['About Pneumonia', 'Pulmonary consolidation']","['https://www.cdc.gov/pneumonia/about/index.html', 'https://en.wikipedia.org/wiki/Pulmonary_consolidation']","['Public-Domain', 'CC-BY-SA-4.0']"
eff_03,meniscus sign at the lung base,Pleural Effusion,in_scope,1,pleural_effusion_003,"Pleural effusion matters because it can reduce lung expansion and may be associated with shortness of breath, chest pain, or cough. The report should describe the imaging finding carefully without pretending to know the exact cause from the X-ray alone.",Pleural Effusion,0.4476959705352783,0.5523040294647217,local,"['pleural_effusion_nhlbi', 'pleural_effusion_wikipedia']","['Pleural Disorders - Pleurisy, Pleural Effusion, and Pneumothorax', 'Pleural effusion']","['https://www.nhlbi.nih.gov/health/pleural-disorders/types', 'https://en.wikipedia.org/wiki/Pleural_effusion']","['Public-Domain', 'CC-BY-SA-4.0']"
eff_03,meniscus sign at the lung base,Pleural Effusion,in_scope,2,edema_001,"Pulmonary edema can cause shortness of breath, cough, low oxygen, and respiratory distress. The cause cannot be decided from the chest X-ray alone, but the imaging pattern can help suggest whether edema is present and whether the distribution looks more typical of cardiogenic or noncardiogenic edema. On chest X-ray, pulmonary edema may show increased vascular markings, Kerley B lines, perihilar or batwing air-space opacity, upper-lobe vascular redistribution, and sometimes pleural effusions. Patchier alveolar opacities may be seen in noncardiogenic edema or other lung injury patterns.",Edema,0.44529128074645996,0.55470871925354,local,['edema_wikipedia'],['Pulmonary edema'],['https://en.wikipedia.org/wiki/Pulmonary_edema'],['CC-BY-SA-4.0']
eff_03,meniscus sign at the lung base,Pleural Effusion,in_scope,3,consolidation_pneumonia_000,"Pneumonia is an infection of the lungs. It can be caused by bacteria, viruses, fungi, or less common organisms. Symptoms may include cough, fever or chills, chest pain with breathing or coughing, tiredness, and shortness of breath. Consolidation is a radiographic pattern where normally air-filled lung tissue becomes filled with material such as inflammatory fluid, pus, blood, edema, or other liquid.",Consolidation / Pneumonia,0.44103044271469116,0.5589695572853088,local,"['consolidation_pneumonia_cdc', 'consolidation_pneumonia_wikipedia']","['About Pneumonia', 'Pulmonary consolidation']","['https://www.cdc.gov/pneumonia/about/index.html', 'https://en.wikipedia.org/wiki/Pulmonary_consolidation']","['Public-Domain', 'CC-BY-SA-4.0']"
eff_03,meniscus sign at the lung base,Pleural Effusion,in_scope,4,pleural_effusion_002,"On chest X-ray, pleural effusion is usually considered when there is abnormal fluid at the lung base or in the pleural space. It may appear with blunting of the costophrenic angle, dependent layering fluid, or a horizontal air-fluid level if both air and fluid are present. Lateral decubitus views can show smaller amounts of fluid than an upright chest X-ray. Pleural effusion matters because it can reduce lung expansion and may be associated with shortness of breath, chest pain, or cough.",Pleural Effusion,0.4364962577819824,0.5635037422180176,local,"['pleural_effusion_nhlbi', 'pleural_effusion_wikipedia']","['Pleural Disorders - Pleurisy, Pleural Effusion, and Pneumothorax', 'Pleural effusion']","['https://www.nhlbi.nih.gov/health/pleural-disorders/types', 'https://en.wikipedia.org/wiki/Pleural_effusion']","['Public-Domain', 'CC-BY-SA-4.0']"
eff_03,meniscus sign at the lung base,Pleural Effusion,in_scope,5,edema_002,"Patchier alveolar opacities may be seen in noncardiogenic edema or other lung injury patterns. A report should describe the imaging pattern carefully, such as vascular congestion or pulmonary edema pattern, and should not overstate the underlying cause without clinical support.",Edema,0.4047729969024658,0.5952270030975342,local,['edema_wikipedia'],['Pulmonary edema'],['https://en.wikipedia.org/wiki/Pulmonary_edema'],['CC-BY-SA-4.0']
eff_04,extra fluid in the pleural space,Pleural Effusion,in_scope,1,pleural_effusion_000,"Pleural effusion means extra fluid has collected in the pleural space, which is the thin space between the lung surface and the inside of the chest wall. A small amount of fluid is normally present there, but too much fluid can make it harder for the lung to expand normally. The fluid buildup can happen for different reasons. Inflammatory causes, infection, tumors, or lung injury can lead to an exudative effusion.",Pleural Effusion,0.690079391002655,0.30992060899734497,local,"['pleural_effusion_nhlbi', 'pleural_effusion_wikipedia']","['Pleural Disorders - Pleurisy, Pleural Effusion, and Pneumothorax', 'Pleural effusion']","['https://www.nhlbi.nih.gov/health/pleural-disorders/types', 'https://en.wikipedia.org/wiki/Pleural_effusion']","['Public-Domain', 'CC-BY-SA-4.0']"
eff_04,extra fluid in the pleural space,Pleural Effusion,in_scope,2,pleural_effusion_002,"On chest X-ray, pleural effusion is usually considered when there is abnormal fluid at the lung base or in the pleural space. It may appear with blunting of the costophrenic angle, dependent layering fluid, or a horizontal air-fluid level if both air and fluid are present. Lateral decubitus views can show smaller amounts of fluid than an upright chest X-ray. Pleural effusion matters because it can reduce lung expansion and may be associated with shortness of breath, chest pain, or cough.",Pleural Effusion,0.5672391057014465,0.43276089429855347,local,"['pleural_effusion_nhlbi', 'pleural_effusion_wikipedia']","['Pleural Disorders - Pleurisy, Pleural Effusion, and Pneumothorax', 'Pleural effusion']","['https://www.nhlbi.nih.gov/health/pleural-disorders/types', 'https://en.wikipedia.org/wiki/Pleural_effusion']","['Public-Domain', 'CC-BY-SA-4.0']"
eff_04,extra fluid in the pleural space,Pleural Effusion,in_scope,3,pleural_effusion_003,"Pleural effusion matters because it can reduce lung expansion and may be associated with shortness of breath, chest pain, or cough. The report should describe the imaging finding carefully without pretending to know the exact cause from the X-ray alone.",Pleural Effusion,0.5275666117668152,0.4724333882331848,local,"['pleural_effusion_nhlbi', 'pleural_effusion_wikipedia']","['Pleural Disorders - Pleurisy, Pleural Effusion, and Pneumothorax', 'Pleural effusion']","['https://www.nhlbi.nih.gov/health/pleural-disorders/types', 'https://en.wikipedia.org/wiki/Pleural_effusion']","['Public-Domain', 'CC-BY-SA-4.0']"
eff_04,extra fluid in the pleural space,Pleural Effusion,in_scope,4,pneumothorax_000,"Pneumothorax means air or gas has collected in the pleural space, the space between the lung and chest wall. This air can put pressure on the lung and may cause part or all of it to collapse. Pneumothorax can happen spontaneously, after trauma, or in people with underlying lung disease. A tension pneumothorax is especially important because pressure can build up enough to affect the heart, lungs, blood flow, and blood pressure.",Pneumothorax,0.4826209545135498,0.5173790454864502,local,"['pneumothorax_nhlbi', 'pneumothorax_wikipedia']","['Pleural Disorders - Pleurisy, Pleural Effusion, and Pneumothorax', 'Pneumothorax']","['https://www.nhlbi.nih.gov/health/pleural-disorders/types', 'https://en.wikipedia.org/wiki/Pneumothorax']","['Public-Domain', 'CC-BY-SA-4.0']"
eff_04,extra fluid in the pleural space,Pleural Effusion,in_scope,5,pneumothorax_001,"A tension pneumothorax is especially important because pressure can build up enough to affect the heart, lungs, blood flow, and blood pressure. On chest X-ray, pneumothorax is usually considered when a visible pleural line separates the collapsed lung edge from the chest wall, with absent lung markings beyond that line. Larger cases may show a more obvious collapsed lung. Tension physiology may be suggested by mediastinal shift or other signs of pressure effect, but clinical urgency should not wait for perfect imaging wording.",Pneumothorax,0.43974781036376953,0.5602521896362305,local,"['pneumothorax_nhlbi', 'pneumothorax_wikipedia']","['Pleural Disorders - Pleurisy, Pleural Effusion, and Pneumothorax', 'Pneumothorax']","['https://www.nhlbi.nih.gov/health/pleural-disorders/types', 'https://en.wikipedia.org/wiki/Pneumothorax']","['Public-Domain', 'CC-BY-SA-4.0']"
edema_01,fluid buildup inside the lungs,Edema,in_scope,1,pleural_effusion_000,"Pleural effusion means extra fluid has collected in the pleural space, which is the thin space between the lung surface and the inside of the chest wall. A small amount of fluid is normally present there, but too much fluid can make it harder for the lung to expand normally. The fluid buildup can happen for different reasons. Inflammatory causes, infection, tumors, or lung injury can lead to an exudative effusion.",Pleural Effusion,0.6580531001091003,0.34194689989089966,local,"['pleural_effusion_nhlbi', 'pleural_effusion_wikipedia']","['Pleural Disorders - Pleurisy, Pleural Effusion, and Pneumothorax', 'Pleural effusion']","['https://www.nhlbi.nih.gov/health/pleural-disorders/types', 'https://en.wikipedia.org/wiki/Pleural_effusion']","['Public-Domain', 'CC-BY-SA-4.0']"
edema_01,fluid buildup inside the lungs,Edema,in_scope,2,edema_000,"Pulmonary edema means excess fluid in the lungs. It can be cardiogenic, often related to heart problems and increased pressure, or noncardiogenic, related to other lung or systemic injury. The important idea is that fluid interferes with normal air exchange. Pulmonary edema can cause shortness of breath, cough, low oxygen, and respiratory distress.",Edema,0.5945565700531006,0.4054434299468994,local,['edema_wikipedia'],['Pulmonary edema'],['https://en.wikipedia.org/wiki/Pulmonary_edema'],['CC-BY-SA-4.0']
edema_01,fluid buildup inside the lungs,Edema,in_scope,3,pleural_effusion_002,"On chest X-ray, pleural effusion is usually considered when there is abnormal fluid at the lung base or in the pleural space. It may appear with blunting of the costophrenic angle, dependent layering fluid, or a horizontal air-fluid level if both air and fluid are present. Lateral decubitus views can show smaller amounts of fluid than an upright chest X-ray. Pleural effusion matters because it can reduce lung expansion and may be associated with shortness of breath, chest pain, or cough.",Pleural Effusion,0.5218731164932251,0.4781268835067749,local,"['pleural_effusion_nhlbi', 'pleural_effusion_wikipedia']","['Pleural Disorders - Pleurisy, Pleural Effusion, and Pneumothorax', 'Pleural effusion']","['https://www.nhlbi.nih.gov/health/pleural-disorders/types', 'https://en.wikipedia.org/wiki/Pleural_effusion']","['Public-Domain', 'CC-BY-SA-4.0']"
edema_01,fluid buildup inside the lungs,Edema,in_scope,4,consolidation_pneumonia_000,"Pneumonia is an infection of the lungs. It can be caused by bacteria, viruses, fungi, or less common organisms. Symptoms may include cough, fever or chills, chest pain with breathing or coughing, tiredness, and shortness of breath. Consolidation is a radiographic pattern where normally air-filled lung tissue becomes filled with material such as inflammatory fluid, pus, blood, edema, or other liquid.",Consolidation / Pneumonia,0.5181964635848999,0.4818035364151001,local,"['consolidation_pneumonia_cdc', 'consolidation_pneumonia_wikipedia']","['About Pneumonia', 'Pulmonary consolidation']","['https://www.cdc.gov/pneumonia/about/index.html', 'https://en.wikipedia.org/wiki/Pulmonary_consolidation']","['Public-Domain', 'CC-BY-SA-4.0']"
edema_01,fluid buildup inside the lungs,Edema,in_scope,5,pneumothorax_000,"Pneumothorax means air or gas has collected in the pleural space, the space between the lung and chest wall. This air can put pressure on the lung and may cause part or all of it to collapse. Pneumothorax can happen spontaneously, after trauma, or in people with underlying lung disease. A tension pneumothorax is especially important because pressure can build up enough to affect the heart, lungs, blood flow, and blood pressure.",Pneumothorax,0.5017603635787964,0.4982396364212036,local,"['pneumothorax_nhlbi', 'pneumothorax_wikipedia']","['Pleural Disorders - Pleurisy, Pleural Effusion, and Pneumothorax', 'Pneumothorax']","['https://www.nhlbi.nih.gov/health/pleural-disorders/types', 'https://en.wikipedia.org/wiki/Pneumothorax']","['Public-Domain', 'CC-BY-SA-4.0']"
edema_02,bat wing opacities and Kerley B lines,Edema,in_scope,1,consolidation_pneumonia_002,"It may look denser or whiter than normal aerated lung. In pneumonia, the opacity may match the infected region, and air bronchograms can sometimes be seen when air-filled bronchi remain visible within surrounding opacified lung. Consolidation should be described as an imaging pattern and interpreted with symptoms, history, and other clinical information. The report should describe the opacity pattern and avoid claiming the organism or exact diagnosis from the X-ray alone.",Consolidation / Pneumonia,0.16641318798065186,0.8335868120193481,local,"['consolidation_pneumonia_cdc', 'consolidation_pneumonia_wikipedia']","['About Pneumonia', 'Pulmonary consolidation']","['https://www.cdc.gov/pneumonia/about/index.html', 'https://en.wikipedia.org/wiki/Pulmonary_consolidation']","['Public-Domain', 'CC-BY-SA-4.0']"
edema_02,bat wing opacities and Kerley B lines,Edema,in_scope,2,consolidation_pneumonia_003,The report should describe the opacity pattern and avoid claiming the organism or exact diagnosis from the X-ray alone.,Consolidation / Pneumonia,0.12317955493927002,0.87682044506073,local,"['consolidation_pneumonia_cdc', 'consolidation_pneumonia_wikipedia']","['About Pneumonia', 'Pulmonary consolidation']","['https://www.cdc.gov/pneumonia/about/index.html', 'https://en.wikipedia.org/wiki/Pulmonary_consolidation']","['Public-Domain', 'CC-BY-SA-4.0']"
edema_02,bat wing opacities and Kerley B lines,Edema,in_scope,3,edema_001,"Pulmonary edema can cause shortness of breath, cough, low oxygen, and respiratory distress. The cause cannot be decided from the chest X-ray alone, but the imaging pattern can help suggest whether edema is present and whether the distribution looks more typical of cardiogenic or noncardiogenic edema. On chest X-ray, pulmonary edema may show increased vascular markings, Kerley B lines, perihilar or batwing air-space opacity, upper-lobe vascular redistribution, and sometimes pleural effusions. Patchier alveolar opacities may be seen in noncardiogenic edema or other lung injury patterns.",Edema,0.12286299467086792,0.8771370053291321,local,['edema_wikipedia'],['Pulmonary edema'],['https://en.wikipedia.org/wiki/Pulmonary_edema'],['CC-BY-SA-4.0']
edema_02,bat wing opacities and Kerley B lines,Edema,in_scope,4,pneumothorax_001,"A tension pneumothorax is especially important because pressure can build up enough to affect the heart, lungs, blood flow, and blood pressure. On chest X-ray, pneumothorax is usually considered when a visible pleural line separates the collapsed lung edge from the chest wall, with absent lung markings beyond that line. Larger cases may show a more obvious collapsed lung. Tension physiology may be suggested by mediastinal shift or other signs of pressure effect, but clinical urgency should not wait for perfect imaging wording.",Pneumothorax,0.09619444608688354,0.9038055539131165,local,"['pneumothorax_nhlbi', 'pneumothorax_wikipedia']","['Pleural Disorders - Pleurisy, Pleural Effusion, and Pneumothorax', 'Pneumothorax']","['https://www.nhlbi.nih.gov/health/pleural-disorders/types', 'https://en.wikipedia.org/wiki/Pneumothorax']","['Public-Domain', 'CC-BY-SA-4.0']"
edema_02,bat wing opacities and Kerley B lines,Edema,in_scope,5,edema_002,"Patchier alveolar opacities may be seen in noncardiogenic edema or other lung injury patterns. A report should describe the imaging pattern carefully, such as vascular congestion or pulmonary edema pattern, and should not overstate the underlying cause without clinical support.",Edema,0.08340960741043091,0.9165903925895691,local,['edema_wikipedia'],['Pulmonary edema'],['https://en.wikipedia.org/wiki/Pulmonary_edema'],['CC-BY-SA-4.0']
edema_03,vascular redistribution with pulmonary edema,Edema,in_scope,1,edema_000,"Pulmonary edema means excess fluid in the lungs. It can be cardiogenic, often related to heart problems and increased pressure, or noncardiogenic, related to other lung or systemic injury. The important idea is that fluid interferes with normal air exchange. Pulmonary edema can cause shortness of breath, cough, low oxygen, and respiratory distress.",Edema,0.6556375026702881,0.3443624973297119,local,['edema_wikipedia'],['Pulmonary edema'],['https://en.wikipedia.org/wiki/Pulmonary_edema'],['CC-BY-SA-4.0']
edema_03,vascular redistribution with pulmonary edema,Edema,in_scope,2,edema_001,"Pulmonary edema can cause shortness of breath, cough, low oxygen, and respiratory distress. The cause cannot be decided from the chest X-ray alone, but the imaging pattern can help suggest whether edema is present and whether the distribution looks more typical of cardiogenic or noncardiogenic edema. On chest X-ray, pulmonary edema may show increased vascular markings, Kerley B lines, perihilar or batwing air-space opacity, upper-lobe vascular redistribution, and sometimes pleural effusions. Patchier alveolar opacities may be seen in noncardiogenic edema or other lung injury patterns.",Edema,0.5850486755371094,0.4149513244628906,local,['edema_wikipedia'],['Pulmonary edema'],['https://en.wikipedia.org/wiki/Pulmonary_edema'],['CC-BY-SA-4.0']
edema_03,vascular redistribution with pulmonary edema,Edema,in_scope,3,edema_002,"Patchier alveolar opacities may be seen in noncardiogenic edema or other lung injury patterns. A report should describe the imaging pattern carefully, such as vascular congestion or pulmonary edema pattern, and should not overstate the underlying cause without clinical support.",Edema,0.5412899255752563,0.45871007442474365,local,['edema_wikipedia'],['Pulmonary edema'],['https://en.wikipedia.org/wiki/Pulmonary_edema'],['CC-BY-SA-4.0']
edema_03,vascular redistribution with pulmonary edema,Edema,in_scope,4,pleural_effusion_000,"Pleural effusion means extra fluid has collected in the pleural space, which is the thin space between the lung surface and the inside of the chest wall. A small amount of fluid is normally present there, but too much fluid can make it harder for the lung to expand normally. The fluid buildup can happen for different reasons. Inflammatory causes, infection, tumors, or lung injury can lead to an exudative effusion.",Pleural Effusion,0.46096622943878174,0.5390337705612183,local,"['pleural_effusion_nhlbi', 'pleural_effusion_wikipedia']","['Pleural Disorders - Pleurisy, Pleural Effusion, and Pneumothorax', 'Pleural effusion']","['https://www.nhlbi.nih.gov/health/pleural-disorders/types', 'https://en.wikipedia.org/wiki/Pleural_effusion']","['Public-Domain', 'CC-BY-SA-4.0']"
edema_03,vascular redistribution with pulmonary edema,Edema,in_scope,5,atelectasis_000,"Atelectasis means part or all of a lung is not fully expanded because the air spaces have collapsed or lost volume. It can involve a small region, a lobe, or a larger part of the lung. It is different from consolidation because atelectasis is mainly a loss of air and volume, while consolidation means air spaces are filled with material such as fluid or inflammatory exudate. Atelectasis can happen for several reasons, including airway blockage, compression from nearby fluid or air, shallow breathing, or postoperative changes.",Atelectasis,0.41647374629974365,0.5835262537002563,local,['atelectasis_wikipedia'],['Atelectasis'],['https://en.wikipedia.org/wiki/Atelectasis'],['CC-BY-SA-4.0']
edema_04,heart failure causing lung fluid,Edema,in_scope,1,edema_000,"Pulmonary edema means excess fluid in the lungs. It can be cardiogenic, often related to heart problems and increased pressure, or noncardiogenic, related to other lung or systemic injury. The important idea is that fluid interferes with normal air exchange. Pulmonary edema can cause shortness of breath, cough, low oxygen, and respiratory distress.",Edema,0.6437536478042603,0.35624635219573975,local,['edema_wikipedia'],['Pulmonary edema'],['https://en.wikipedia.org/wiki/Pulmonary_edema'],['CC-BY-SA-4.0']
edema_04,heart failure causing lung fluid,Edema,in_scope,2,pleural_effusion_000,"Pleural effusion means extra fluid has collected in the pleural space, which is the thin space between the lung surface and the inside of the chest wall. A small amount of fluid is normally present there, but too much fluid can make it harder for the lung to expand normally. The fluid buildup can happen for different reasons. Inflammatory causes, infection, tumors, or lung injury can lead to an exudative effusion.",Pleural Effusion,0.5494548678398132,0.45054513216018677,local,"['pleural_effusion_nhlbi', 'pleural_effusion_wikipedia']","['Pleural Disorders - Pleurisy, Pleural Effusion, and Pneumothorax', 'Pleural effusion']","['https://www.nhlbi.nih.gov/health/pleural-disorders/types', 'https://en.wikipedia.org/wiki/Pleural_effusion']","['Public-Domain', 'CC-BY-SA-4.0']"
edema_04,heart failure causing lung fluid,Edema,in_scope,3,edema_001,"Pulmonary edema can cause shortness of breath, cough, low oxygen, and respiratory distress. The cause cannot be decided from the chest X-ray alone, but the imaging pattern can help suggest whether edema is present and whether the distribution looks more typical of cardiogenic or noncardiogenic edema. On chest X-ray, pulmonary edema may show increased vascular markings, Kerley B lines, perihilar or batwing air-space opacity, upper-lobe vascular redistribution, and sometimes pleural effusions. Patchier alveolar opacities may be seen in noncardiogenic edema or other lung injury patterns.",Edema,0.5081644654273987,0.4918355345726013,local,['edema_wikipedia'],['Pulmonary edema'],['https://en.wikipedia.org/wiki/Pulmonary_edema'],['CC-BY-SA-4.0']
edema_04,heart failure causing lung fluid,Edema,in_scope,4,pleural_effusion_001,"Inflammatory causes, infection, tumors, or lung injury can lead to an exudative effusion. Pressure-related causes, such as heart, kidney, or liver failure, can lead to a transudative effusion. The cause matters because the same X-ray finding can come from different underlying problems. On chest X-ray, pleural effusion is usually considered when there is abnormal fluid at the lung base or in the pleural space.",Pleural Effusion,0.48958033323287964,0.5104196667671204,local,"['pleural_effusion_nhlbi', 'pleural_effusion_wikipedia']","['Pleural Disorders - Pleurisy, Pleural Effusion, and Pneumothorax', 'Pleural effusion']","['https://www.nhlbi.nih.gov/health/pleural-disorders/types', 'https://en.wikipedia.org/wiki/Pleural_effusion']","['Public-Domain', 'CC-BY-SA-4.0']"
edema_04,heart failure causing lung fluid,Edema,in_scope,5,pleural_effusion_002,"On chest X-ray, pleural effusion is usually considered when there is abnormal fluid at the lung base or in the pleural space. It may appear with blunting of the costophrenic angle, dependent layering fluid, or a horizontal air-fluid level if both air and fluid are present. Lateral decubitus views can show smaller amounts of fluid than an upright chest X-ray. Pleural effusion matters because it can reduce lung expansion and may be associated with shortness of breath, chest pain, or cough.",Pleural Effusion,0.47829753160476685,0.5217024683952332,local,"['pleural_effusion_nhlbi', 'pleural_effusion_wikipedia']","['Pleural Disorders - Pleurisy, Pleural Effusion, and Pneumothorax', 'Pleural effusion']","['https://www.nhlbi.nih.gov/health/pleural-disorders/types', 'https://en.wikipedia.org/wiki/Pleural_effusion']","['Public-Domain', 'CC-BY-SA-4.0']"
ptx_01,air in the pleural space,Pneumothorax,in_scope,1,pneumothorax_000,"Pneumothorax means air or gas has collected in the pleural space, the space between the lung and chest wall. This air can put pressure on the lung and may cause part or all of it to collapse. Pneumothorax can happen spontaneously, after trauma, or in people with underlying lung disease. A tension pneumothorax is especially important because pressure can build up enough to affect the heart, lungs, blood flow, and blood pressure.",Pneumothorax,0.6128601431846619,0.38713985681533813,local,"['pneumothorax_nhlbi', 'pneumothorax_wikipedia']","['Pleural Disorders - Pleurisy, Pleural Effusion, and Pneumothorax', 'Pneumothorax']","['https://www.nhlbi.nih.gov/health/pleural-disorders/types', 'https://en.wikipedia.org/wiki/Pneumothorax']","['Public-Domain', 'CC-BY-SA-4.0']"
ptx_01,air in the pleural space,Pneumothorax,in_scope,2,pleural_effusion_000,"Pleural effusion means extra fluid has collected in the pleural space, which is the thin space between the lung surface and the inside of the chest wall. A small amount of fluid is normally present there, but too much fluid can make it harder for the lung to expand normally. The fluid buildup can happen for different reasons. Inflammatory causes, infection, tumors, or lung injury can lead to an exudative effusion.",Pleural Effusion,0.5423023700714111,0.45769762992858887,local,"['pleural_effusion_nhlbi', 'pleural_effusion_wikipedia']","['Pleural Disorders - Pleurisy, Pleural Effusion, and Pneumothorax', 'Pleural effusion']","['https://www.nhlbi.nih.gov/health/pleural-disorders/types', 'https://en.wikipedia.org/wiki/Pleural_effusion']","['Public-Domain', 'CC-BY-SA-4.0']"
ptx_01,air in the pleural space,Pneumothorax,in_scope,3,pleural_effusion_002,"On chest X-ray, pleural effusion is usually considered when there is abnormal fluid at the lung base or in the pleural space. It may appear with blunting of the costophrenic angle, dependent layering fluid, or a horizontal air-fluid level if both air and fluid are present. Lateral decubitus views can show smaller amounts of fluid than an upright chest X-ray. Pleural effusion matters because it can reduce lung expansion and may be associated with shortness of breath, chest pain, or cough.",Pleural Effusion,0.5190079808235168,0.48099201917648315,local,"['pleural_effusion_nhlbi', 'pleural_effusion_wikipedia']","['Pleural Disorders - Pleurisy, Pleural Effusion, and Pneumothorax', 'Pleural effusion']","['https://www.nhlbi.nih.gov/health/pleural-disorders/types', 'https://en.wikipedia.org/wiki/Pleural_effusion']","['Public-Domain', 'CC-BY-SA-4.0']"
ptx_01,air in the pleural space,Pneumothorax,in_scope,4,pleural_effusion_003,"Pleural effusion matters because it can reduce lung expansion and may be associated with shortness of breath, chest pain, or cough. The report should describe the imaging finding carefully without pretending to know the exact cause from the X-ray alone.",Pleural Effusion,0.5084109306335449,0.4915890693664551,local,"['pleural_effusion_nhlbi', 'pleural_effusion_wikipedia']","['Pleural Disorders - Pleurisy, Pleural Effusion, and Pneumothorax', 'Pleural effusion']","['https://www.nhlbi.nih.gov/health/pleural-disorders/types', 'https://en.wikipedia.org/wiki/Pleural_effusion']","['Public-Domain', 'CC-BY-SA-4.0']"
ptx_01,air in the pleural space,Pneumothorax,in_scope,5,pneumothorax_001,"A tension pneumothorax is especially important because pressure can build up enough to affect the heart, lungs, blood flow, and blood pressure. On chest X-ray, pneumothorax is usually considered when a visible pleural line separates the collapsed lung edge from the chest wall, with absent lung markings beyond that line. Larger cases may show a more obvious collapsed lung. Tension physiology may be suggested by mediastinal shift or other signs of pressure effect, but clinical urgency should not wait for perfect imaging wording.",Pneumothorax,0.47521263360977173,0.5247873663902283,local,"['pneumothorax_nhlbi', 'pneumothorax_wikipedia']","['Pleural Disorders - Pleurisy, Pleural Effusion, and Pneumothorax', 'Pneumothorax']","['https://www.nhlbi.nih.gov/health/pleural-disorders/types', 'https://en.wikipedia.org/wiki/Pneumothorax']","['Public-Domain', 'CC-BY-SA-4.0']"
ptx_02,visible pleural line with no lung markings beyond it,Pneumothorax,in_scope,1,pleural_effusion_003,"Pleural effusion matters because it can reduce lung expansion and may be associated with shortness of breath, chest pain, or cough. The report should describe the imaging finding carefully without pretending to know the exact cause from the X-ray alone.",Pleural Effusion,0.6232231855392456,0.3767768144607544,local,"['pleural_effusion_nhlbi', 'pleural_effusion_wikipedia']","['Pleural Disorders - Pleurisy, Pleural Effusion, and Pneumothorax', 'Pleural effusion']","['https://www.nhlbi.nih.gov/health/pleural-disorders/types', 'https://en.wikipedia.org/wiki/Pleural_effusion']","['Public-Domain', 'CC-BY-SA-4.0']"
ptx_02,visible pleural line with no lung markings beyond it,Pneumothorax,in_scope,2,pleural_effusion_002,"On chest X-ray, pleural effusion is usually considered when there is abnormal fluid at the lung base or in the pleural space. It may appear with blunting of the costophrenic angle, dependent layering fluid, or a horizontal air-fluid level if both air and fluid are present. Lateral decubitus views can show smaller amounts of fluid than an upright chest X-ray. Pleural effusion matters because it can reduce lung expansion and may be associated with shortness of breath, chest pain, or cough.",Pleural Effusion,0.5806148052215576,0.4193851947784424,local,"['pleural_effusion_nhlbi', 'pleural_effusion_wikipedia']","['Pleural Disorders - Pleurisy, Pleural Effusion, and Pneumothorax', 'Pleural effusion']","['https://www.nhlbi.nih.gov/health/pleural-disorders/types', 'https://en.wikipedia.org/wiki/Pleural_effusion']","['Public-Domain', 'CC-BY-SA-4.0']"
ptx_02,visible pleural line with no lung markings beyond it,Pneumothorax,in_scope,3,pneumothorax_001,"A tension pneumothorax is especially important because pressure can build up enough to affect the heart, lungs, blood flow, and blood pressure. On chest X-ray, pneumothorax is usually considered when a visible pleural line separates the collapsed lung edge from the chest wall, with absent lung markings beyond that line. Larger cases may show a more obvious collapsed lung. Tension physiology may be suggested by mediastinal shift or other signs of pressure effect, but clinical urgency should not wait for perfect imaging wording.",Pneumothorax,0.5628002882003784,0.4371997117996216,local,"['pneumothorax_nhlbi', 'pneumothorax_wikipedia']","['Pleural Disorders - Pleurisy, Pleural Effusion, and Pneumothorax', 'Pneumothorax']","['https://www.nhlbi.nih.gov/health/pleural-disorders/types', 'https://en.wikipedia.org/wiki/Pneumothorax']","['Public-Domain', 'CC-BY-SA-4.0']"
ptx_02,visible pleural line with no lung markings beyond it,Pneumothorax,in_scope,4,edema_001,"Pulmonary edema can cause shortness of breath, cough, low oxygen, and respiratory distress. The cause cannot be decided from the chest X-ray alone, but the imaging pattern can help suggest whether edema is present and whether the distribution looks more typical of cardiogenic or noncardiogenic edema. On chest X-ray, pulmonary edema may show increased vascular markings, Kerley B lines, perihilar or batwing air-space opacity, upper-lobe vascular redistribution, and sometimes pleural effusions. Patchier alveolar opacities may be seen in noncardiogenic edema or other lung injury patterns.",Edema,0.5373612642288208,0.4626387357711792,local,['edema_wikipedia'],['Pulmonary edema'],['https://en.wikipedia.org/wiki/Pulmonary_edema'],['CC-BY-SA-4.0']
ptx_02,visible pleural line with no lung markings beyond it,Pneumothorax,in_scope,5,pleural_effusion_000,"Pleural effusion means extra fluid has collected in the pleural space, which is the thin space between the lung surface and the inside of the chest wall. A small amount of fluid is normally present there, but too much fluid can make it harder for the lung to expand normally. The fluid buildup can happen for different reasons. Inflammatory causes, infection, tumors, or lung injury can lead to an exudative effusion.",Pleural Effusion,0.5348408818244934,0.4651591181755066,local,"['pleural_effusion_nhlbi', 'pleural_effusion_wikipedia']","['Pleural Disorders - Pleurisy, Pleural Effusion, and Pneumothorax', 'Pleural effusion']","['https://www.nhlbi.nih.gov/health/pleural-disorders/types', 'https://en.wikipedia.org/wiki/Pleural_effusion']","['Public-Domain', 'CC-BY-SA-4.0']"
ptx_03,collapsed lung from air outside the lung,Pneumothorax,in_scope,1,pneumothorax_000,"Pneumothorax means air or gas has collected in the pleural space, the space between the lung and chest wall. This air can put pressure on the lung and may cause part or all of it to collapse. Pneumothorax can happen spontaneously, after trauma, or in people with underlying lung disease. A tension pneumothorax is especially important because pressure can build up enough to affect the heart, lungs, blood flow, and blood pressure.",Pneumothorax,0.5619065761566162,0.4380934238433838,local,"['pneumothorax_nhlbi', 'pneumothorax_wikipedia']","['Pleural Disorders - Pleurisy, Pleural Effusion, and Pneumothorax', 'Pneumothorax']","['https://www.nhlbi.nih.gov/health/pleural-disorders/types', 'https://en.wikipedia.org/wiki/Pneumothorax']","['Public-Domain', 'CC-BY-SA-4.0']"
ptx_03,collapsed lung from air outside the lung,Pneumothorax,in_scope,2,atelectasis_000,"Atelectasis means part or all of a lung is not fully expanded because the air spaces have collapsed or lost volume. It can involve a small region, a lobe, or a larger part of the lung. It is different from consolidation because atelectasis is mainly a loss of air and volume, while consolidation means air spaces are filled with material such as fluid or inflammatory exudate. Atelectasis can happen for several reasons, including airway blockage, compression from nearby fluid or air, shallow breathing, or postoperative changes.",Atelectasis,0.49601155519485474,0.5039884448051453,local,['atelectasis_wikipedia'],['Atelectasis'],['https://en.wikipedia.org/wiki/Atelectasis'],['CC-BY-SA-4.0']
ptx_03,collapsed lung from air outside the lung,Pneumothorax,in_scope,3,consolidation_pneumonia_000,"Pneumonia is an infection of the lungs. It can be caused by bacteria, viruses, fungi, or less common organisms. Symptoms may include cough, fever or chills, chest pain with breathing or coughing, tiredness, and shortness of breath. Consolidation is a radiographic pattern where normally air-filled lung tissue becomes filled with material such as inflammatory fluid, pus, blood, edema, or other liquid.",Consolidation / Pneumonia,0.47850602865219116,0.5214939713478088,local,"['consolidation_pneumonia_cdc', 'consolidation_pneumonia_wikipedia']","['About Pneumonia', 'Pulmonary consolidation']","['https://www.cdc.gov/pneumonia/about/index.html', 'https://en.wikipedia.org/wiki/Pulmonary_consolidation']","['Public-Domain', 'CC-BY-SA-4.0']"
ptx_03,collapsed lung from air outside the lung,Pneumothorax,in_scope,4,consolidation_pneumonia_001,"Consolidation is a radiographic pattern where normally air-filled lung tissue becomes filled with material such as inflammatory fluid, pus, blood, edema, or other liquid. Pneumonia is one common cause of consolidation, but consolidation itself is an imaging sign and does not prove one exact cause by itself. On chest X-ray, consolidation can appear as a focal or lobar air-space opacity. It may look denser or whiter than normal aerated lung.",Consolidation / Pneumonia,0.44458508491516113,0.5554149150848389,local,"['consolidation_pneumonia_cdc', 'consolidation_pneumonia_wikipedia']","['About Pneumonia', 'Pulmonary consolidation']","['https://www.cdc.gov/pneumonia/about/index.html', 'https://en.wikipedia.org/wiki/Pulmonary_consolidation']","['Public-Domain', 'CC-BY-SA-4.0']"
ptx_03,collapsed lung from air outside the lung,Pneumothorax,in_scope,5,consolidation_pneumonia_002,"It may look denser or whiter than normal aerated lung. In pneumonia, the opacity may match the infected region, and air bronchograms can sometimes be seen when air-filled bronchi remain visible within surrounding opacified lung. Consolidation should be described as an imaging pattern and interpreted with symptoms, history, and other clinical information. The report should describe the opacity pattern and avoid claiming the organism or exact diagnosis from the X-ray alone.",Consolidation / Pneumonia,0.44204115867614746,0.5579588413238525,local,"['consolidation_pneumonia_cdc', 'consolidation_pneumonia_wikipedia']","['About Pneumonia', 'Pulmonary consolidation']","['https://www.cdc.gov/pneumonia/about/index.html', 'https://en.wikipedia.org/wiki/Pulmonary_consolidation']","['Public-Domain', 'CC-BY-SA-4.0']"
ptx_04,tension pneumothorax is an emergency,Pneumothorax,in_scope,1,pneumothorax_001,"A tension pneumothorax is especially important because pressure can build up enough to affect the heart, lungs, blood flow, and blood pressure. On chest X-ray, pneumothorax is usually considered when a visible pleural line separates the collapsed lung edge from the chest wall, with absent lung markings beyond that line. Larger cases may show a more obvious collapsed lung. Tension physiology may be suggested by mediastinal shift or other signs of pressure effect, but clinical urgency should not wait for perfect imaging wording.",Pneumothorax,0.7677825689315796,0.2322174310684204,local,"['pneumothorax_nhlbi', 'pneumothorax_wikipedia']","['Pleural Disorders - Pleurisy, Pleural Effusion, and Pneumothorax', 'Pneumothorax']","['https://www.nhlbi.nih.gov/health/pleural-disorders/types', 'https://en.wikipedia.org/wiki/Pneumothorax']","['Public-Domain', 'CC-BY-SA-4.0']"
ptx_04,tension pneumothorax is an emergency,Pneumothorax,in_scope,2,pneumothorax_002,"Tension physiology may be suggested by mediastinal shift or other signs of pressure effect, but clinical urgency should not wait for perfect imaging wording. Pneumothorax is an important finding because it can explain sudden chest pain or shortness of breath and may require urgent action. A report should clearly describe the side and approximate size when visible.",Pneumothorax,0.7508761882781982,0.24912381172180176,local,"['pneumothorax_nhlbi', 'pneumothorax_wikipedia']","['Pleural Disorders - Pleurisy, Pleural Effusion, and Pneumothorax', 'Pneumothorax']","['https://www.nhlbi.nih.gov/health/pleural-disorders/types', 'https://en.wikipedia.org/wiki/Pneumothorax']","['Public-Domain', 'CC-BY-SA-4.0']"
ptx_04,tension pneumothorax is an emergency,Pneumothorax,in_scope,3,pneumothorax_000,"Pneumothorax means air or gas has collected in the pleural space, the space between the lung and chest wall. This air can put pressure on the lung and may cause part or all of it to collapse. Pneumothorax can happen spontaneously, after trauma, or in people with underlying lung disease. A tension pneumothorax is especially important because pressure can build up enough to affect the heart, lungs, blood flow, and blood pressure.",Pneumothorax,0.7369358539581299,0.2630641460418701,local,"['pneumothorax_nhlbi', 'pneumothorax_wikipedia']","['Pleural Disorders - Pleurisy, Pleural Effusion, and Pneumothorax', 'Pneumothorax']","['https://www.nhlbi.nih.gov/health/pleural-disorders/types', 'https://en.wikipedia.org/wiki/Pneumothorax']","['Public-Domain', 'CC-BY-SA-4.0']"
ptx_04,tension pneumothorax is an emergency,Pneumothorax,in_scope,4,pleural_effusion_003,"Pleural effusion matters because it can reduce lung expansion and may be associated with shortness of breath, chest pain, or cough. The report should describe the imaging finding carefully without pretending to know the exact cause from the X-ray alone.",Pleural Effusion,0.43778061866760254,0.5622193813323975,local,"['pleural_effusion_nhlbi', 'pleural_effusion_wikipedia']","['Pleural Disorders - Pleurisy, Pleural Effusion, and Pneumothorax', 'Pleural effusion']","['https://www.nhlbi.nih.gov/health/pleural-disorders/types', 'https://en.wikipedia.org/wiki/Pleural_effusion']","['Public-Domain', 'CC-BY-SA-4.0']"
ptx_04,tension pneumothorax is an emergency,Pneumothorax,in_scope,5,pleural_effusion_000,"Pleural effusion means extra fluid has collected in the pleural space, which is the thin space between the lung surface and the inside of the chest wall. A small amount of fluid is normally present there, but too much fluid can make it harder for the lung to expand normally. The fluid buildup can happen for different reasons. Inflammatory causes, infection, tumors, or lung injury can lead to an exudative effusion.",Pleural Effusion,0.42427921295166016,0.5757207870483398,local,"['pleural_effusion_nhlbi', 'pleural_effusion_wikipedia']","['Pleural Disorders - Pleurisy, Pleural Effusion, and Pneumothorax', 'Pleural effusion']","['https://www.nhlbi.nih.gov/health/pleural-disorders/types', 'https://en.wikipedia.org/wiki/Pleural_effusion']","['Public-Domain', 'CC-BY-SA-4.0']"
oos_01,broken rib fracture after trauma,Out of scope,out_of_scope,1,pleural_effusion_001,"Inflammatory causes, infection, tumors, or lung injury can lead to an exudative effusion. Pressure-related causes, such as heart, kidney, or liver failure, can lead to a transudative effusion. The cause matters because the same X-ray finding can come from different underlying problems. On chest X-ray, pleural effusion is usually considered when there is abnormal fluid at the lung base or in the pleural space.",Pleural Effusion,0.2752796411514282,0.7247203588485718,local,"['pleural_effusion_nhlbi', 'pleural_effusion_wikipedia']","['Pleural Disorders - Pleurisy, Pleural Effusion, and Pneumothorax', 'Pleural effusion']","['https://www.nhlbi.nih.gov/health/pleural-disorders/types', 'https://en.wikipedia.org/wiki/Pleural_effusion']","['Public-Domain', 'CC-BY-SA-4.0']"
oos_01,broken rib fracture after trauma,Out of scope,out_of_scope,2,pneumothorax_001,"A tension pneumothorax is especially important because pressure can build up enough to affect the heart, lungs, blood flow, and blood pressure. On chest X-ray, pneumothorax is usually considered when a visible pleural line separates the collapsed lung edge from the chest wall, with absent lung markings beyond that line. Larger cases may show a more obvious collapsed lung. Tension physiology may be suggested by mediastinal shift or other signs of pressure effect, but clinical urgency should not wait for perfect imaging wording.",Pneumothorax,0.2423464059829712,0.7576535940170288,local,"['pneumothorax_nhlbi', 'pneumothorax_wikipedia']","['Pleural Disorders - Pleurisy, Pleural Effusion, and Pneumothorax', 'Pneumothorax']","['https://www.nhlbi.nih.gov/health/pleural-disorders/types', 'https://en.wikipedia.org/wiki/Pneumothorax']","['Public-Domain', 'CC-BY-SA-4.0']"
oos_01,broken rib fracture after trauma,Out of scope,out_of_scope,3,pneumothorax_002,"Tension physiology may be suggested by mediastinal shift or other signs of pressure effect, but clinical urgency should not wait for perfect imaging wording. Pneumothorax is an important finding because it can explain sudden chest pain or shortness of breath and may require urgent action. A report should clearly describe the side and approximate size when visible.",Pneumothorax,0.22932302951812744,0.7706769704818726,local,"['pneumothorax_nhlbi', 'pneumothorax_wikipedia']","['Pleural Disorders - Pleurisy, Pleural Effusion, and Pneumothorax', 'Pneumothorax']","['https://www.nhlbi.nih.gov/health/pleural-disorders/types', 'https://en.wikipedia.org/wiki/Pneumothorax']","['Public-Domain', 'CC-BY-SA-4.0']"
oos_01,broken rib fracture after trauma,Out of scope,out_of_scope,4,pneumothorax_000,"Pneumothorax means air or gas has collected in the pleural space, the space between the lung and chest wall. This air can put pressure on the lung and may cause part or all of it to collapse. Pneumothorax can happen spontaneously, after trauma, or in people with underlying lung disease. A tension pneumothorax is especially important because pressure can build up enough to affect the heart, lungs, blood flow, and blood pressure.",Pneumothorax,0.2266656756401062,0.7733343243598938,local,"['pneumothorax_nhlbi', 'pneumothorax_wikipedia']","['Pleural Disorders - Pleurisy, Pleural Effusion, and Pneumothorax', 'Pneumothorax']","['https://www.nhlbi.nih.gov/health/pleural-disorders/types', 'https://en.wikipedia.org/wiki/Pneumothorax']","['Public-Domain', 'CC-BY-SA-4.0']"
oos_01,broken rib fracture after trauma,Out of scope,out_of_scope,5,cardiomegaly_001,"The finding matters because an enlarged cardiac silhouette can be a clue that the heart is under strain or not pumping normally. Heart failure can cause symptoms such as tiredness, shortness of breath, and fluid buildup in the body, although the exact cause cannot be decided from a chest X-ray alone. On a chest X-ray, cardiomegaly is usually considered when the cardiac silhouette is larger than expected compared with the chest. A common measurement is the cardiothoracic ratio on a PA chest radiograph; a ratio above about 50 percent can suggest enlargement.",Cardiomegaly,0.21997380256652832,0.7800261974334717,local,"['cardiomegaly_nhlbi', 'cardiomegaly_wikipedia']","['Heart Failure - What Is Heart Failure?', 'Cardiomegaly']","['https://www.nhlbi.nih.gov/health/heart-failure', 'https://en.wikipedia.org/wiki/Cardiomegaly']","['Public-Domain', 'CC-BY-SA-4.0']"
oos_02,kidney stone seen on CT abdomen,Out of scope,out_of_scope,1,consolidation_pneumonia_002,"It may look denser or whiter than normal aerated lung. In pneumonia, the opacity may match the infected region, and air bronchograms can sometimes be seen when air-filled bronchi remain visible within surrounding opacified lung. Consolidation should be described as an imaging pattern and interpreted with symptoms, history, and other clinical information. The report should describe the opacity pattern and avoid claiming the organism or exact diagnosis from the X-ray alone.",Consolidation / Pneumonia,0.3484894037246704,0.6515105962753296,local,"['consolidation_pneumonia_cdc', 'consolidation_pneumonia_wikipedia']","['About Pneumonia', 'Pulmonary consolidation']","['https://www.cdc.gov/pneumonia/about/index.html', 'https://en.wikipedia.org/wiki/Pulmonary_consolidation']","['Public-Domain', 'CC-BY-SA-4.0']"
oos_02,kidney stone seen on CT abdomen,Out of scope,out_of_scope,2,consolidation_pneumonia_003,The report should describe the opacity pattern and avoid claiming the organism or exact diagnosis from the X-ray alone.,Consolidation / Pneumonia,0.31191158294677734,0.6880884170532227,local,"['consolidation_pneumonia_cdc', 'consolidation_pneumonia_wikipedia']","['About Pneumonia', 'Pulmonary consolidation']","['https://www.cdc.gov/pneumonia/about/index.html', 'https://en.wikipedia.org/wiki/Pulmonary_consolidation']","['Public-Domain', 'CC-BY-SA-4.0']"
oos_02,kidney stone seen on CT abdomen,Out of scope,out_of_scope,3,consolidation_pneumonia_001,"Consolidation is a radiographic pattern where normally air-filled lung tissue becomes filled with material such as inflammatory fluid, pus, blood, edema, or other liquid. Pneumonia is one common cause of consolidation, but consolidation itself is an imaging sign and does not prove one exact cause by itself. On chest X-ray, consolidation can appear as a focal or lobar air-space opacity. It may look denser or whiter than normal aerated lung.",Consolidation / Pneumonia,0.29319965839385986,0.7068003416061401,local,"['consolidation_pneumonia_cdc', 'consolidation_pneumonia_wikipedia']","['About Pneumonia', 'Pulmonary consolidation']","['https://www.cdc.gov/pneumonia/about/index.html', 'https://en.wikipedia.org/wiki/Pulmonary_consolidation']","['Public-Domain', 'CC-BY-SA-4.0']"
oos_02,kidney stone seen on CT abdomen,Out of scope,out_of_scope,4,pleural_effusion_002,"On chest X-ray, pleural effusion is usually considered when there is abnormal fluid at the lung base or in the pleural space. It may appear with blunting of the costophrenic angle, dependent layering fluid, or a horizontal air-fluid level if both air and fluid are present. Lateral decubitus views can show smaller amounts of fluid than an upright chest X-ray. Pleural effusion matters because it can reduce lung expansion and may be associated with shortness of breath, chest pain, or cough.",Pleural Effusion,0.2836487293243408,0.7163512706756592,local,"['pleural_effusion_nhlbi', 'pleural_effusion_wikipedia']","['Pleural Disorders - Pleurisy, Pleural Effusion, and Pneumothorax', 'Pleural effusion']","['https://www.nhlbi.nih.gov/health/pleural-disorders/types', 'https://en.wikipedia.org/wiki/Pleural_effusion']","['Public-Domain', 'CC-BY-SA-4.0']"
oos_02,kidney stone seen on CT abdomen,Out of scope,out_of_scope,5,pleural_effusion_003,"Pleural effusion matters because it can reduce lung expansion and may be associated with shortness of breath, chest pain, or cough. The report should describe the imaging finding carefully without pretending to know the exact cause from the X-ray alone.",Pleural Effusion,0.2819337844848633,0.7180662155151367,local,"['pleural_effusion_nhlbi', 'pleural_effusion_wikipedia']","['Pleural Disorders - Pleurisy, Pleural Effusion, and Pneumothorax', 'Pleural effusion']","['https://www.nhlbi.nih.gov/health/pleural-disorders/types', 'https://en.wikipedia.org/wiki/Pleural_effusion']","['Public-Domain', 'CC-BY-SA-4.0']"
oos_03,brain MRI shows stroke,Out of scope,out_of_scope,1,cardiomegaly_003,"Follow-up with clinical history, prior imaging, echocardiography, or other tests may be needed to understand the cause.",Cardiomegaly,0.32699495553970337,0.6730050444602966,local,"['cardiomegaly_nhlbi', 'cardiomegaly_wikipedia']","['Heart Failure - What Is Heart Failure?', 'Cardiomegaly']","['https://www.nhlbi.nih.gov/health/heart-failure', 'https://en.wikipedia.org/wiki/Cardiomegaly']","['Public-Domain', 'CC-BY-SA-4.0']"
oos_03,brain MRI shows stroke,Out of scope,out_of_scope,2,atelectasis_002,"Depending on the location, this may include crowding of nearby structures, elevation of the diaphragm, shift of fissures, or movement of the mediastinum toward the affected side. Atelectasis should be described as an imaging finding and interpreted with the clinical situation. A report should avoid assuming the exact cause unless the image or history clearly supports it.",Atelectasis,0.2392030954360962,0.7607969045639038,local,['atelectasis_wikipedia'],['Atelectasis'],['https://en.wikipedia.org/wiki/Atelectasis'],['CC-BY-SA-4.0']
oos_03,brain MRI shows stroke,Out of scope,out_of_scope,3,cardiomegaly_002,"A common measurement is the cardiothoracic ratio on a PA chest radiograph; a ratio above about 50 percent can suggest enlargement. Portable AP views can exaggerate heart size, so the report should describe the finding carefully and consider image technique. Cardiomegaly should be reported as an imaging observation, not as a full diagnosis. Follow-up with clinical history, prior imaging, echocardiography, or other tests may be needed to understand the cause.",Cardiomegaly,0.1970844268798828,0.8029155731201172,local,"['cardiomegaly_nhlbi', 'cardiomegaly_wikipedia']","['Heart Failure - What Is Heart Failure?', 'Cardiomegaly']","['https://www.nhlbi.nih.gov/health/heart-failure', 'https://en.wikipedia.org/wiki/Cardiomegaly']","['Public-Domain', 'CC-BY-SA-4.0']"
oos_03,brain MRI shows stroke,Out of scope,out_of_scope,4,edema_001,"Pulmonary edema can cause shortness of breath, cough, low oxygen, and respiratory distress. The cause cannot be decided from the chest X-ray alone, but the imaging pattern can help suggest whether edema is present and whether the distribution looks more typical of cardiogenic or noncardiogenic edema. On chest X-ray, pulmonary edema may show increased vascular markings, Kerley B lines, perihilar or batwing air-space opacity, upper-lobe vascular redistribution, and sometimes pleural effusions. Patchier alveolar opacities may be seen in noncardiogenic edema or other lung injury patterns.",Edema,0.19081926345825195,0.809180736541748,local,['edema_wikipedia'],['Pulmonary edema'],['https://en.wikipedia.org/wiki/Pulmonary_edema'],['CC-BY-SA-4.0']
oos_03,brain MRI shows stroke,Out of scope,out_of_scope,5,edema_002,"Patchier alveolar opacities may be seen in noncardiogenic edema or other lung injury patterns. A report should describe the imaging pattern carefully, such as vascular congestion or pulmonary edema pattern, and should not overstate the underlying cause without clinical support.",Edema,0.18781012296676636,0.8121898770332336,local,['edema_wikipedia'],['Pulmonary edema'],['https://en.wikipedia.org/wiki/Pulmonary_edema'],['CC-BY-SA-4.0']
oos_04,patient has a skin rash on the arm,Out of scope,out_of_scope,1,atelectasis_002,"Depending on the location, this may include crowding of nearby structures, elevation of the diaphragm, shift of fissures, or movement of the mediastinum toward the affected side. Atelectasis should be described as an imaging finding and interpreted with the clinical situation. A report should avoid assuming the exact cause unless the image or history clearly supports it.",Atelectasis,0.32635462284088135,0.6736453771591187,local,['atelectasis_wikipedia'],['Atelectasis'],['https://en.wikipedia.org/wiki/Atelectasis'],['CC-BY-SA-4.0']
oos_04,patient has a skin rash on the arm,Out of scope,out_of_scope,2,consolidation_pneumonia_003,The report should describe the opacity pattern and avoid claiming the organism or exact diagnosis from the X-ray alone.,Consolidation / Pneumonia,0.3061414361000061,0.6938585638999939,local,"['consolidation_pneumonia_cdc', 'consolidation_pneumonia_wikipedia']","['About Pneumonia', 'Pulmonary consolidation']","['https://www.cdc.gov/pneumonia/about/index.html', 'https://en.wikipedia.org/wiki/Pulmonary_consolidation']","['Public-Domain', 'CC-BY-SA-4.0']"
oos_04,patient has a skin rash on the arm,Out of scope,out_of_scope,3,cardiomegaly_003,"Follow-up with clinical history, prior imaging, echocardiography, or other tests may be needed to understand the cause.",Cardiomegaly,0.25590628385543823,0.7440937161445618,local,"['cardiomegaly_nhlbi', 'cardiomegaly_wikipedia']","['Heart Failure - What Is Heart Failure?', 'Cardiomegaly']","['https://www.nhlbi.nih.gov/health/heart-failure', 'https://en.wikipedia.org/wiki/Cardiomegaly']","['Public-Domain', 'CC-BY-SA-4.0']"
oos_04,patient has a skin rash on the arm,Out of scope,out_of_scope,4,pleural_effusion_001,"Inflammatory causes, infection, tumors, or lung injury can lead to an exudative effusion. Pressure-related causes, such as heart, kidney, or liver failure, can lead to a transudative effusion. The cause matters because the same X-ray finding can come from different underlying problems. On chest X-ray, pleural effusion is usually considered when there is abnormal fluid at the lung base or in the pleural space.",Pleural Effusion,0.17014336585998535,0.8298566341400146,local,"['pleural_effusion_nhlbi', 'pleural_effusion_wikipedia']","['Pleural Disorders - Pleurisy, Pleural Effusion, and Pneumothorax', 'Pleural effusion']","['https://www.nhlbi.nih.gov/health/pleural-disorders/types', 'https://en.wikipedia.org/wiki/Pleural_effusion']","['Public-Domain', 'CC-BY-SA-4.0']"
oos_04,patient has a skin rash on the arm,Out of scope,out_of_scope,5,atelectasis_001,"Atelectasis can happen for several reasons, including airway blockage, compression from nearby fluid or air, shallow breathing, or postoperative changes. Small areas may cause few symptoms, while larger areas can be associated with shortness of breath, faster breathing, low oxygen, or reduced movement on the affected side. On chest X-ray, atelectasis is often considered when there is increased opacity together with signs of volume loss. Depending on the location, this may include crowding of nearby structures, elevation of the diaphragm, shift of fissures, or movement of the mediastinum toward the affected side.",Atelectasis,0.1679432988166809,0.8320567011833191,local,['atelectasis_wikipedia'],['Atelectasis'],['https://en.wikipedia.org/wiki/Atelectasis'],['CC-BY-SA-4.0']
